Product_ID,Product_Name,Catagory,Supplier_ID,Supplier_Name,Stock_Quantity,Reorder_Level,Reorder_Quantity,Unit_Price,Date_Received,Last_Order_Date,Expiration_Date,Warehouse_Location,Sales_Volume,Inventory_Turnover_Rate,Status,Total_Inventory_Value,Revenue_After_Discount
29-205-1132,Sushi Rice,Grains & Pulses,38-037-1699,Jaxnation,22.0,72,70,4.5,8/16/2024,6/29/2024,9/19/2024,48 Del Sol Trail,32,19,Discontinued,99.0,129.6
40-681-9981,Arabica Coffee,Beverages,54-470-2479,Feedmix,45.0,77,2,20.0,11/1/2024,5/29/2024,5/8/2024,36 3rd Place,85,1,Discontinued,900.0,1530.0
06-955-3428,Black Rice,Grains & Pulses,54-031-2945,Vinder,30.0,38,83,6.0,8/3/2024,6/10/2024,9/22/2024,3296 Walton Court,31,34,Backordered,180.0,167.4
71-594-6552,Long Grain Rice,Grains & Pulses,63-492-7603,Brightbean,12.0,59,62,1.5,12/8/2024,2/19/2025,4/17/2024,3 Westerfield Crossing,95,99,Active,18.0,128.25
57-437-1828,Plum,Fruits & Vegetables,54-226-4308,Topicstorm,37.0,30,74,4.0,7/3/2024,10/11/2024,10/5/2024,15068 Scoville Court,62,25,Backordered,148.0,223.20000000000002
21-120-6238,All-Purpose Flour,Grains & Pulses,86-292-4587,Dabjam,55.0,33,14,1.75,12/3/2024,5/26/2024,9/5/2024,050 Mcbride Avenue,34,62,Discontinued,96.25,53.550000000000004
71-516-1996,Corn Oil,Oils & Fats,04-391-7610,Tagfeed,96.0,52,16,2.5,3/18/2024,5/7/2024,6/20/2024,12 Truax Court,67,13,Active,240.0,150.75
39-629-5554,Egg (Goose),Dairy,67-679-4930,Muxo,44.0,90,17,2.5,2/3/2025,4/9/2024,2/5/2025,267 International Plaza,21,91,Discontinued,110.0,47.25
66-268-8345,Greek Yogurt,Dairy,32-182-1895,Thoughtstorm,91.0,84,11,3.0,12/4/2024,6/2/2024,1/8/2025,550 Clemons Plaza,56,90,Active,273.0,151.20000000000002
46-452-9419,Egg (Duck),Dairy,67-137-4215,Wordify,43.0,10,15,1.0,11/18/2024,11/14/2024,7/8/2024,55782 Welch Hill,27,69,Active,43.0,24.3
51-469-4611,Long Grain Rice,Grains & Pulses,62-029-0827,Fivebridge,62.0,81,91,1.6,12/18/2024,5/24/2024,1/7/2025,04776 Saint Paul Park,100,42,Discontinued,99.2,144.0
42-220-9305,White Sugar,Grains & Pulses,56-092-7992,Zooxo,91.0,98,6,2.0,10/19/2024,12/11/2024,10/14/2024,61932 Cascade Crossing,100,20,Backordered,182.0,180.0
75-094-1179,Rye Bread,Bakery,57-615-0729,Vitz,26.0,79,31,3.0,12/13/2024,2/9/2025,7/18/2024,13 Forest Run Place,47,41,Discontinued,78.0,126.9
11-073-0189,Plum,Fruits & Vegetables,75-190-3627,Voomm,95.0,50,76,4.0,4/5/2024,9/21/2024,5/6/2024,5104 Jana Court,69,5,Active,380.0,248.4
22-621-2774,Strawberries,Fruits & Vegetables,70-901-6191,Babblestorm,54.0,26,16,6.0,3/11/2024,6/30/2024,6/14/2024,00 Drewry Court,63,97,Active,324.0,340.2
39-449-0772,Feta Cheese,Dairy,84-504-7617,Youfeed,94.0,13,15,7.0,2/27/2024,4/2/2024,10/5/2024,195 Portage Junction,20,24,Backordered,658.0,126.0
55-936-2406,Bread Flour,Grains & Pulses,29-689-5014,Mynte,27.0,93,88,1.5,11/16/2024,3/9/2024,4/5/2024,52691 8th Drive,66,13,Active,40.5,89.10000000000001
82-041-7211,Swiss Cheese,Dairy,03-615-0558,Reallinks,49.0,49,26,8.0,9/10/2024,5/19/2024,7/1/2024,285 1st Park,78,61,Discontinued,392.0,561.6
48-414-6162,Arabica Coffee,Beverages,10-060-8515,Skivee,55.0,93,84,20.0,5/29/2024,11/8/2024,5/5/2024,17780 Lindbergh Junction,46,84,Active,1100.0,828.0
76-854-0095,White Sugar,Grains & Pulses,38-883-3382,Mydeo,65.0,61,82,2.0,5/31/2024,2/8/2025,12/28/2024,7834 Cordelia Alley,29,11,Backordered,130.0,52.2
25-349-7974,Spinach,Fruits & Vegetables,82-737-6019,Devshare,72.0,70,99,2.5,10/7/2024,5/28/2024,6/22/2024,42 Bunker Hill Junction,82,32,Discontinued,180.0,184.5
66-627-9752,Trout,Seafood,87-839-6400,Jabbertype,49.0,73,48,12.0,8/17/2024,10/1/2024,9/3/2024,08 Randy Junction,52,62,Active,588.0,561.6
78-614-4402,Green Beans,Fruits & Vegetables,51-014-4287,Gigazoom,81.0,99,28,2.0,9/30/2024,2/14/2025,4/25/2024,37 Browning Trail,20,85,Discontinued,162.0,36.0
67-025-1245,Cabbage,Fruits & Vegetables,28-575-0716,Chatterbridge,88.0,46,55,1.0,4/9/2024,3/6/2024,8/12/2024,51890 Lindbergh Terrace,73,63,Active,88.0,65.7
68-418-6724,Parmesan Cheese,Dairy,75-465-6257,Feedspan,63.0,4,85,12.0,12/21/2024,1/13/2025,9/30/2024,49869 Bunker Hill Terrace,59,71,Active,756.0,637.2
40-795-0753,Raw Sugar,Grains & Pulses,47-183-4911,Mydo,31.0,43,80,1.5,5/28/2024,2/22/2025,5/30/2024,66879 Susan Place,46,78,Backordered,46.5,62.1
02-508-3777,Egg (Quail),Dairy,69-933-2582,Realpoint,97.0,88,81,0.8,11/5/2024,7/7/2024,6/26/2024,895 Northland Hill,97,18,Discontinued,77.60000000000001,69.84
79-741-0770,Mushrooms,Fruits & Vegetables,67-771-7656,Photospace,72.0,87,39,6.0,6/24/2024,2/24/2025,3/17/2024,91 Kinsman Terrace,94,57,Active,432.0,507.6
31-211-5803,Oatmeal Biscuit,Bakery,75-503-9347,Gigazoom,16.0,9,32,5.0,7/16/2024,8/21/2024,2/7/2025,492 Shoshone Road,50,98,Backordered,80.0,225.0
16-499-5059,Pear,Fruits & Vegetables,09-090-6360,Centizu,77.0,20,5,4.5,8/18/2024,11/19/2024,12/20/2024,3 Hooker Way,61,62,Discontinued,346.5,247.05
76-340-4432,Cucumber,Fruits & Vegetables,79-915-4185,Brainverse,19.0,36,72,1.75,5/3/2024,3/28/2024,3/6/2024,157 David Center,31,81,Backordered,33.25,48.825
38-732-7667,Pineapple,Fruits & Vegetables,88-663-3393,Photojam,18.0,52,22,3.5,8/23/2024,10/13/2024,9/28/2024,3645 Ridge Oak Drive,42,32,Backordered,63.0,132.3
04-240-2226,Olive Oil,Oils & Fats,65-842-6819,Kamba,47.0,48,73,6.0,8/13/2024,6/28/2024,3/5/2024,504 Green Park,42,51,Discontinued,282.0,226.8
79-136-9840,Herbal Tea,Beverages,07-809-0926,Pixonyx,77.0,45,75,30.0,11/5/2024,8/19/2024,6/23/2024,26175 Oxford Way,25,37,Discontinued,2310.0,675.0
73-401-5721,Haddock,Seafood,38-622-5251,Midel,46.0,28,73,9.0,5/28/2024,10/28/2024,12/26/2024,582 Sauthoff Crossing,65,57,Discontinued,414.0,526.5
91-848-0606,Onion,Fruits & Vegetables,68-836-0350,Skyble,39.0,22,73,2.0,6/11/2024,7/23/2024,10/28/2024,13 Corscot Hill,60,2,Active,78.0,108.0
54-109-8062,Sushi Rice,Grains & Pulses,04-726-3363,Linklinks,75.0,69,100,4.5,7/11/2024,1/19/2025,2/16/2025,67 Little Fleur Road,43,18,Backordered,337.5,174.15
70-612-2531,Pineapple,Fruits & Vegetables,94-217-4781,Flipbug,48.0,48,39,3.45,3/17/2024,1/25/2025,10/30/2024,4 Raven Drive,51,50,Discontinued,165.60000000000002,158.35500000000002
26-161-6692,Zucchini,Fruits & Vegetables,61-796-7912,Kare,61.0,90,26,2.5,12/22/2024,9/7/2024,9/19/2024,70001 Vahlen Lane,79,84,Discontinued,152.5,177.75
43-893-5408,Short Grain Rice,Grains & Pulses,25-414-2945,Snaptags,60.0,90,85,3.0,1/21/2025,3/20/2024,8/24/2024,6 Orin Place,47,9,Discontinued,180.0,126.9
11-316-8405,Mango,Fruits & Vegetables,50-918-1373,Twitternation,24.0,55,51,5.0,4/26/2024,2/24/2025,11/25/2024,108 Morning Center,39,15,Discontinued,120.0,175.5
34-086-3222,Lemon,Fruits & Vegetables,34-017-9457,Layo,12.0,7,48,2.3,6/24/2024,12/25/2024,6/5/2024,867 Merrick Place,66,4,Discontinued,27.599999999999998,136.61999999999998
21-816-1004,Black Coffee,Beverages,68-482-4786,Realpoint,84.0,13,88,15.0,1/26/2025,12/4/2024,7/22/2024,564 Hazelcrest Crossing,25,34,Backordered,1260.0,337.5
43-693-2092,Butter,Dairy,19-469-9841,Kayveo,51.0,100,70,3.0,4/30/2024,10/21/2024,9/22/2024,76 Toban Plaza,40,21,Discontinued,153.0,108.0
63-270-7076,Multigrain Bread,Bakery,85-532-0172,Roombo,65.0,36,37,3.5,4/21/2024,6/12/2024,1/24/2025,6 Lunder Parkway,32,70,Backordered,227.5,100.8
90-230-9767,Long Grain Rice,Grains & Pulses,70-515-9048,Voonyx,67.0,88,32,1.5,4/6/2024,5/1/2024,11/17/2024,00397 Bay Terrace,66,42,Discontinued,100.5,89.10000000000001
05-334-2923,Bread Flour,Grains & Pulses,41-772-6271,Browsezoom,14.0,74,71,1.5,8/18/2024,11/22/2024,5/16/2024,8 Surrey Pass,37,22,Discontinued,21.0,49.95
52-481-5224,Kiwi,Fruits & Vegetables,46-382-2024,Fiveclub,45.0,24,61,6.0,1/21/2025,2/7/2025,2/15/2025,80 Old Shore Plaza,44,34,Backordered,270.0,237.6
11-325-7396,Mango,Fruits & Vegetables,98-940-7545,Skipfire,92.0,46,13,5.0,7/28/2024,10/18/2024,3/26/2024,387 Jay Point,24,75,Discontinued,460.0,108.0
70-854-6891,Sourdough Bread,Bakery,79-575-9351,Flashspan,41.0,84,90,4.0,1/28/2025,11/28/2024,11/12/2024,24045 Bluestem Point,42,65,Active,164.0,151.20000000000002
46-520-1819,Short Grain Rice,Grains & Pulses,10-762-7936,Katz,41.0,36,78,4.5,7/4/2024,10/4/2024,5/15/2024,805 Nancy Crossing,38,75,Backordered,184.5,153.9
91-105-7317,Orange,Fruits & Vegetables,84-047-0017,Devshare,85.0,45,71,3.0,3/20/2024,12/28/2024,2/2/2025,44022 Barnett Way,95,72,Discontinued,255.0,256.5
40-751-8635,Pineapple,Fruits & Vegetables,48-878-3021,Yamia,44.0,80,84,3.4,8/30/2024,10/17/2024,3/5/2024,3 Ronald Regan Center,96,68,Discontinued,149.6,293.76
02-920-4829,White Bread,Bakery,41-587-4864,Skyble,92.0,87,84,2.5,10/19/2024,6/14/2024,5/22/2024,4 Judy Hill,61,31,Backordered,230.0,137.25
36-918-2937,Green Coffee,Beverages,53-844-0478,Kwinu,62.0,89,18,12.0,3/12/2024,2/12/2025,11/28/2024,90865 Sherman Court,35,36,Active,744.0,378.0
68-761-6907,Zucchini,Fruits & Vegetables,31-199-3683,Brainverse,26.0,18,62,2.5,7/28/2024,7/21/2024,2/2/2025,9695 Alpine Trail,57,86,Discontinued,65.0,128.25
69-468-5468,Sourdough Bread,Bakery,37-099-6976,Vinte,59.0,78,6,4.5,11/3/2024,6/10/2024,11/26/2024,72083 Acker Crossing,32,3,Active,265.5,129.6
27-635-8394,Orange,Fruits & Vegetables,87-893-6089,Twitterwire,88.0,37,61,2.9,2/3/2025,11/13/2024,3/19/2024,812 Shelley Circle,63,35,Discontinued,255.2,164.43
41-729-5410,Sardines,Seafood,71-727-8611,Ntag,91.0,59,49,6.0,10/23/2024,4/5/2024,6/26/2024,7193 Crownhardt Drive,30,63,Active,546.0,162.0
33-335-9140,Olive Oil,Oils & Fats,08-209-1598,Blogspan,28.0,17,28,6.0,10/24/2024,8/20/2024,8/27/2024,76928 Tennyson Parkway,38,25,Active,168.0,205.20000000000002
11-581-9869,Carrot,Fruits & Vegetables,22-867-3079,Avaveo,51.0,60,98,1.5,5/1/2024,12/12/2024,9/26/2024,44801 Myrtle Center,44,95,Discontinued,76.5,59.4
78-237-0277,Black Tea,Beverages,50-314-5433,Brainbox,46.0,27,76,5.0,9/15/2024,9/23/2024,1/13/2025,79 Cardinal Court,64,96,Active,230.0,288.0
75-152-8731,Pear,Fruits & Vegetables,05-593-1927,Voonix,82.0,65,69,4.45,4/11/2024,11/12/2024,8/8/2024,622 Anthes Lane,30,78,Backordered,364.90000000000003,120.15
65-718-0492,Olive Oil,Oils & Fats,91-492-8216,Midel,100.0,92,26,6.0,5/5/2024,1/23/2025,2/16/2025,8626 Chinook Parkway,84,9,Active,600.0,453.6
55-697-5242,Ricotta Cheese,Dairy,74-726-0855,Shufflebeat,51.0,53,88,6.0,1/31/2025,6/30/2024,9/24/2024,19112 Little Fleur Road,54,59,Discontinued,306.0,291.6
14-844-4138,Black Coffee,Beverages,90-534-2165,Flipbug,61.0,43,29,15.0,2/3/2025,10/25/2024,3/3/2024,40643 Sullivan Lane,67,6,Discontinued,915.0,904.5
20-225-3930,White Tea,Beverages,73-069-2753,Skipstorm,99.0,87,10,25.0,12/8/2024,2/29/2024,3/17/2024,5756 Stephen Avenue,93,70,Active,2475.0,2092.5
66-993-4234,Cucumber,Fruits & Vegetables,15-852-0491,Gigazoom,13.0,60,100,1.8,7/18/2024,1/16/2025,6/24/2024,22 Dexter Trail,44,32,Backordered,23.400000000000002,71.28
87-762-1317,Mozzarella Cheese,Dairy,58-474-3510,Dazzlesphere,45.0,63,75,7.0,1/28/2025,11/20/2024,2/9/2025,9305 Warrior Way,83,5,Discontinued,315.0,522.9
81-844-2979,Broccoli,Fruits & Vegetables,02-575-7332,Realblab,73.0,87,46,4.0,9/24/2024,1/15/2025,5/11/2024,16 Elgar Point,47,67,Discontinued,292.0,169.20000000000002
44-408-7594,Eggplant,Fruits & Vegetables,08-828-3804,Eire,39.0,21,5,3.0,11/24/2024,5/1/2024,1/8/2025,81 Oneill Circle,51,98,Backordered,117.0,137.70000000000002
26-010-9519,Trout,Seafood,28-837-4164,Blogtag,29.0,72,96,12.0,5/3/2024,11/26/2024,1/9/2025,4508 Shopko Trail,85,52,Active,348.0,918.0
65-464-5070,Heavy Cream,Dairy,01-517-7793,Ntags,12.0,60,73,4.0,2/3/2025,3/16/2024,9/1/2024,00 Luster Alley,20,35,Discontinued,48.0,72.0
07-970-9352,Bell Pepper,Fruits & Vegetables,14-724-4622,Tagtune,96.0,33,72,4.45,3/10/2024,5/16/2024,7/12/2024,459 Gateway Pass,74,100,Active,427.20000000000005,296.37
88-746-9468,Onion,Fruits & Vegetables,06-159-1957,Skiba,35.0,92,74,2.0,11/25/2024,2/3/2025,11/14/2024,82737 Ryan Place,76,32,Active,70.0,136.8
06-336-5482,Sardines,Seafood,99-784-4391,Voolia,89.0,34,15,6.0,12/31/2024,3/8/2024,8/24/2024,7 Mockingbird Hill,60,2,Discontinued,534.0,324.0
03-276-3931,Mango,Fruits & Vegetables,42-224-8186,Oyoloo,60.0,36,28,4.5,6/30/2024,9/18/2024,12/20/2024,081 Bellgrove Place,26,29,Active,270.0,105.3
39-232-5341,Arborio Rice,Grains & Pulses,23-319-2681,Feedmix,20.0,34,74,4.5,9/21/2024,10/24/2024,2/15/2025,05433 Towne Terrace,50,83,Discontinued,90.0,202.5
12-239-9399,Potato,Fruits & Vegetables,53-584-1853,Tagtune,28.0,40,27,1.2,12/14/2024,7/29/2024,10/27/2024,924 La Follette Alley,30,56,Active,33.6,32.4
75-080-4909,Corn Oil,Oils & Fats,34-726-5887,Tagopia,20.0,55,15,2.5,12/9/2024,4/12/2024,9/9/2024,7 Gateway Center,86,61,Backordered,50.0,193.5
70-815-4015,Butter Biscuit,Bakery,89-134-9717,Ozu,38.0,93,61,6.0,12/10/2024,7/15/2024,8/30/2024,175 Sycamore Circle,67,100,Active,228.0,361.8
11-032-9778,Peas,Fruits & Vegetables,42-380-8881,Edgepulse,99.0,1,4,3.0,12/13/2024,1/27/2025,8/19/2024,553 Mayfield Crossing,50,53,Backordered,297.0,135.0
54-374-9986,Cream,Dairy,33-818-4917,Oyondu,92.0,52,80,2.5,6/3/2024,10/22/2024,3/21/2024,74997 Katie Terrace,72,96,Discontinued,230.0,162.0
77-312-6317,Spinach,Fruits & Vegetables,12-950-4397,Abatz,41.0,29,76,2.4,2/26/2024,9/13/2024,10/1/2024,3616 Carey Pass,59,4,Discontinued,98.39999999999999,127.44
13-844-2178,Sardines,Seafood,66-832-1802,Browsetype,44.0,67,48,6.0,9/5/2024,9/21/2024,3/24/2024,86207 Tennyson Parkway,90,11,Active,264.0,486.0
22-141-9798,White Sugar,Grains & Pulses,59-849-9942,Photobean,47.0,7,63,2.0,5/18/2024,9/20/2024,4/30/2024,6 Nobel Junction,29,20,Backordered,94.0,52.2
20-022-3173,Bread Flour,Grains & Pulses,54-188-1006,Mydeo,21.0,63,65,1.5,10/8/2024,11/10/2024,2/22/2025,81878 Nobel Point,38,73,Discontinued,31.5,51.300000000000004
26-177-5690,Cucumber,Fruits & Vegetables,06-708-1412,Skinte,85.0,33,50,1.8,3/6/2024,7/15/2024,1/21/2025,61707 Mariners Cove Park,64,38,Discontinued,153.0,103.68
70-871-4536,Swiss Cheese,Dairy,72-514-7323,Cogilith,29.0,4,17,8.0,1/19/2025,11/13/2024,6/17/2024,5 Waxwing Junction,59,52,Active,232.0,424.8
06-611-5454,Peanut Oil,Oils & Fats,43-786-9229,Bluezoom,64.0,21,13,4.0,1/30/2025,10/11/2024,11/16/2024,16 Autumn Leaf Way,51,26,Backordered,256.0,183.6
89-543-3456,Blueberries,Fruits & Vegetables,23-178-8962,Jaloo,66.0,40,96,10.0,2/28/2024,6/22/2024,2/6/2025,22782 Oriole Way,24,61,Active,660.0,216.0
82-395-5070,Chocolate Biscuit,Bakery,01-801-9502,Vidoo,75.0,81,17,5.0,7/9/2024,2/17/2025,2/20/2025,43442 Homewood Street,69,38,Active,375.0,310.5
14-305-5348,Cheese,Dairy,71-092-6845,Shuffledrive,53.0,63,2,9.0,8/2/2024,10/12/2024,3/20/2024,19 Shoshone Circle,56,95,Active,477.0,453.6
82-243-3180,Palm Oil,Oils & Fats,18-631-1458,Zooxo,43.0,63,80,1.8,6/23/2024,7/31/2024,2/11/2025,97 Sunnyside Court,33,96,Discontinued,77.4,53.46
25-010-9478,Eggplant,Fruits & Vegetables,24-576-3402,Topicblab,74.0,30,24,3.0,8/9/2024,10/13/2024,7/31/2024,357 Maple Park,82,12,Active,222.0,221.4
13-202-4809,Garlic,Fruits & Vegetables,24-281-7685,Katz,27.0,22,89,7.0,5/1/2024,7/28/2024,5/20/2024,6195 Monterey Center,91,77,Discontinued,189.0,573.3000000000001
67-270-7464,Jasmine Rice,Grains & Pulses,83-960-5274,Yadel,91.0,73,77,4.75,2/1/2025,8/24/2024,12/7/2024,7242 Claremont Avenue,51,49,Discontinued,432.25,218.025
11-733-1756,Rice Flour,Grains & Pulses,27-970-8649,Mynte,52.0,81,53,2.0,8/28/2024,11/27/2024,2/24/2025,127 Eliot Road,95,88,Backordered,104.0,171.0
80-988-4653,Zucchini,Fruits & Vegetables,02-272-0535,Livetube,43.0,66,85,2.5,4/20/2024,9/14/2024,4/19/2024,8 Russell Pass,66,65,Discontinued,107.5,148.5
60-343-7973,Multigrain Bread,Bakery,06-303-4127,Zoombox,56.0,86,23,3.2,4/15/2024,4/29/2024,4/9/2024,85408 Toban Crossing,67,56,Backordered,179.20000000000002,192.96
34-861-4446,Ricotta Cheese,Dairy,40-696-4237,Photobug,66.0,40,8,6.0,11/27/2024,1/18/2025,1/6/2025,113 Donald Court,43,49,Active,396.0,232.20000000000002
67-710-5120,Bread Flour,Grains & Pulses,00-131-9278,Skynoodle,84.0,92,18,1.5,10/29/2024,12/29/2024,2/25/2024,978 Shasta Lane,92,69,Active,126.0,124.2
49-891-4927,Cottage Cheese,Dairy,89-155-3471,Midel,37.0,5,1,5.0,1/2/2025,2/26/2024,11/28/2024,46 Hoffman Trail,68,99,Active,185.0,306.0
55-522-8242,Whipped Cream,Dairy,48-884-5431,Feedbug,29.0,36,40,4.0,11/8/2024,3/30/2024,9/7/2024,7 Spohn Avenue,60,96,Backordered,116.0,216.0
62-509-0666,Almond Flour,Grains & Pulses,16-419-1419,Brainverse,13.0,88,7,9.5,7/28/2024,5/15/2024,7/3/2024,1468 Meadow Vale Court,24,21,Backordered,123.5,205.20000000000002
64-478-4745,Lemon,Fruits & Vegetables,36-780-8625,Mydo,63.0,81,94,2.5,6/4/2024,4/20/2024,11/19/2024,208 Miller Court,56,2,Active,157.5,126.0
35-835-5591,Tilapia,Seafood,54-876-4296,Fiveclub,95.0,63,73,7.0,11/17/2024,6/5/2024,3/8/2024,509 Carpenter Trail,61,38,Backordered,665.0,384.3
26-690-3784,Lettuce,Fruits & Vegetables,70-463-6597,Fadeo,58.0,5,1,2.0,10/2/2024,10/14/2024,4/6/2024,19069 Cordelia Drive,53,80,Active,116.0,95.4
67-546-1568,Peanut Oil,Oils & Fats,10-038-3988,Edgeify,57.0,36,53,4.0,6/4/2024,6/16/2024,3/28/2024,203 Mariners Cove Junction,56,32,Backordered,228.0,201.6
67-625-9704,Sardines,Seafood,13-475-1009,Eayo,33.0,18,92,6.0,6/3/2024,9/26/2024,7/18/2024,7819 Fallview Park,98,56,Discontinued,198.0,529.2
31-969-4614,Arabica Coffee,Beverages,83-104-8425,Voomm,62.0,89,6,20.0,9/8/2024,6/6/2024,1/15/2025,993 Kensington Drive,23,11,Discontinued,1240.0,414.0
50-364-5828,Coconut,Fruits & Vegetables,17-239-6309,Mydo,89.0,57,92,5.0,8/15/2024,6/14/2024,12/23/2024,772 Golf Course Junction,38,16,Active,445.0,171.0
61-827-4098,Cod,Seafood,34-850-0377,Devbug,23.0,42,87,8.0,2/1/2025,7/15/2024,3/24/2024,29992 Warrior Center,63,5,Backordered,184.0,453.6
87-698-0944,Banana,Fruits & Vegetables,73-717-0190,Vinder,56.0,12,59,98.43,9/17/2024,8/27/2024,2/2/2025,8 Heffernan Point,35,16,Active,5512.08,3100.545
36-636-4873,Black Rice,Grains & Pulses,11-098-3982,Wikivu,86.0,100,74,6.1,3/25/2024,1/17/2025,5/30/2024,451 Grim Hill,80,94,Active,524.6,439.2
98-556-5323,Pomegranate,Fruits & Vegetables,21-490-8051,Dynabox,60.0,61,2,6.0,5/13/2024,8/12/2024,8/27/2024,005 Tomscot Hill,96,50,Active,360.0,518.4
97-772-2336,Pineapple,Fruits & Vegetables,19-704-4404,Rooxo,70.0,30,69,3.5,8/13/2024,2/3/2025,7/14/2024,9 Bartillon Trail,44,42,Discontinued,245.0,138.6
19-047-4239,Peach,Fruits & Vegetables,11-146-9880,Quire,47.0,72,73,4.0,5/21/2024,3/30/2024,4/30/2024,7 West Street,93,27,Backordered,188.0,334.8
41-316-8427,Arborio Rice,Grains & Pulses,75-867-3635,Realcube,95.0,93,16,4.5,11/26/2024,9/6/2024,9/21/2024,03416 Valley Edge Circle,60,19,Active,427.5,243.0
15-907-3681,Plum,Fruits & Vegetables,72-931-9828,Brainsphere,20.0,42,21,3.85,11/28/2024,1/27/2025,2/20/2025,21633 Sycamore Center,61,25,Discontinued,77.0,211.365
14-305-9690,Sushi Rice,Grains & Pulses,13-457-9946,Dabshots,19.0,17,14,4.3,8/30/2024,6/29/2024,3/10/2024,43107 Schlimgen Circle,58,23,Active,81.7,224.45999999999998
40-860-4532,Arabica Coffee,Beverages,73-625-5112,Yadel,74.0,72,18,21.0,11/15/2024,2/27/2024,2/5/2025,988 Southridge Way,83,54,Active,1554.0,1568.7
44-552-3909,Pear,Fruits & Vegetables,80-863-1186,Riffwire,61.0,50,9,4.5,10/8/2024,2/26/2024,1/19/2025,6 Charing Cross Circle,24,92,Active,274.5,97.2
75-029-9003,Sourdough Bread,Bakery,61-917-4271,Eadel,34.0,42,86,4.0,5/16/2024,10/7/2024,4/1/2024,19180 Hagan Parkway,28,23,Discontinued,136.0,100.8
74-587-2065,Pear,Fruits & Vegetables,33-141-1402,Gigaclub,29.0,20,85,4.5,10/27/2024,2/20/2025,3/2/2024,84642 Clarendon Point,31,31,Active,130.5,125.55
70-149-6756,Heavy Cream,Dairy,97-150-9199,Skynoodle,14.0,99,97,4.2,4/21/2024,1/6/2025,6/26/2024,6 Messerschmidt Place,28,45,Discontinued,58.800000000000004,105.84
29-896-7926,White Rice,Grains & Pulses,86-400-4155,Centidel,20.0,20,56,1.8,1/6/2025,6/1/2024,5/6/2024,80930 Briar Crest Point,62,69,Backordered,36.0,100.44000000000001
54-822-9009,Cauliflower,Grains & Pulses,23-197-9965,Shufflester,40.0,38,32,3.2,10/25/2024,6/8/2024,1/3/2025,64389 Arkansas Alley,21,45,Backordered,128.0,60.480000000000004
84-075-7647,Canola Oil,Oils & Fats,95-889-8592,Mydeo,91.0,82,58,2.3,4/27/2024,10/21/2024,2/22/2025,51 7th Court,43,45,Discontinued,209.29999999999998,89.00999999999999
88-602-8210,Avocado Oil,Oils & Fats,26-411-9126,Skajo,99.0,96,39,10.0,6/22/2024,6/19/2024,9/28/2024,042 Di Loreto Court,94,89,Backordered,990.0,846.0
04-542-3863,Bread Flour,Grains & Pulses,55-952-9832,Eidel,34.0,46,45,1.5,10/9/2024,12/11/2024,12/22/2024,403 Loomis Way,49,25,Backordered,51.0,66.15
57-613-5779,Gouda Cheese,Dairy,29-009-9132,Thoughtblab,100.0,21,64,7.0,6/19/2024,3/11/2024,8/29/2024,6 John Wall Plaza,20,13,Backordered,700.0,126.0
90-737-0044,Black Rice,Grains & Pulses,39-339-3869,Bubblemix,79.0,98,97,6.0,12/10/2024,1/17/2025,5/17/2024,92321 Nelson Trail,26,21,Backordered,474.0,140.4
28-956-1320,Greek Yogurt,Dairy,01-445-8931,Thoughtblab,62.0,2,98,3.0,5/23/2024,10/18/2024,9/5/2024,95 Onsgard Way,50,11,Discontinued,186.0,135.0
87-791-5803,Tuna,Seafood,89-843-0880,Meemm,25.0,44,96,18.0,7/4/2024,3/9/2024,9/1/2024,8 Fremont Circle,36,16,Active,450.0,583.2
14-521-4167,Buttermilk,Dairy,68-609-1972,Vinder,47.0,2,76,2.5,5/13/2024,6/29/2024,3/6/2024,00847 Reindahl Place,48,36,Discontinued,117.5,108.0
51-572-5497,Orange,Fruits & Vegetables,43-035-3382,Kanoodle,15.0,44,88,3.0,8/31/2024,2/13/2025,4/28/2024,9516 Burrows Circle,56,12,Discontinued,45.0,151.20000000000002
28-840-6096,Pomegranate,Fruits & Vegetables,15-444-8224,Flipopia,19.0,65,48,6.0,9/9/2024,2/14/2025,9/12/2024,92655 Pond Park,59,53,Discontinued,114.0,318.6
44-538-3366,Tuna,Seafood,33-898-6242,Realbridge,58.0,77,96,18.0,9/11/2024,4/17/2024,3/30/2024,46 Cardinal Way,25,17,Discontinued,1044.0,405.0
51-459-5630,Sour Cream,Dairy,29-567-3732,Skyvu,11.0,30,4,4.0,8/2/2024,9/29/2024,12/14/2024,805 Center Parkway,84,4,Active,44.0,302.40000000000003
02-655-3240,Rice Flour,Grains & Pulses,95-200-1972,Jabberstorm,99.0,44,52,2.0,10/25/2024,5/21/2024,6/20/2024,6738 Tennyson Road,36,2,Discontinued,198.0,64.8
42-887-6557,Long Grain Rice,Grains & Pulses,49-092-2735,Geba,26.0,82,19,1.5,9/23/2024,7/10/2024,3/30/2024,61224 Northridge Avenue,76,88,Active,39.0,102.60000000000001
96-316-7600,Bell Pepper,Fruits & Vegetables,76-671-7104,Linklinks,70.0,31,55,4.5,7/31/2024,7/27/2024,7/7/2024,6 Swallow Crossing,23,80,Discontinued,315.0,93.15
58-063-8633,Bell Pepper,Fruits & Vegetables,21-932-5200,Skimia,50.0,3,88,4.5,7/21/2024,6/30/2024,9/22/2024,33424 Express Avenue,69,73,Discontinued,225.0,279.45
43-703-9939,Pineapple,Fruits & Vegetables,69-928-4929,Bubblemix,55.0,91,35,3.5,5/8/2024,5/22/2024,2/17/2025,4 Sundown Place,81,19,Active,192.5,255.15
88-069-5486,Cod,Seafood,95-878-1614,Buzzshare,31.0,87,19,8.0,5/23/2024,7/13/2024,5/1/2024,01330 Sheridan Way,41,10,Active,248.0,295.2
74-845-3299,Green Tea,Beverages,21-792-1000,Oyoyo,63.0,92,26,8.0,8/18/2024,2/12/2025,4/29/2024,2 Petterle Road,93,99,Active,504.0,669.6
81-605-6246,Sardines,Seafood,62-086-0407,Shufflester,73.0,31,49,6.0,1/26/2025,3/2/2024,3/6/2024,65721 Caliangt Crossing,22,47,Discontinued,438.0,118.8
73-561-2867,Sourdough Bread,Bakery,60-386-5077,Eayo,12.0,86,98,4.0,10/10/2024,6/29/2024,9/29/2024,7444 Saint Paul Circle,75,86,Discontinued,48.0,270.0
19-967-0632,Short Grain Rice,Grains & Pulses,90-445-1753,Yombu,53.0,86,54,3.0,8/14/2024,2/4/2025,11/6/2024,6990 Kings Place,44,3,Discontinued,159.0,118.8
23-070-2433,Powdered Sugar,Grains & Pulses,82-235-9317,Meeveo,68.0,7,37,2.5,8/8/2024,4/11/2024,12/28/2024,836 Brown Alley,69,1,Discontinued,170.0,155.25
27-262-2437,Swiss Cheese,Dairy,05-181-2682,Skidoo,80.0,9,29,8.1,8/26/2024,11/20/2024,10/9/2024,739 Swallow Road,54,62,Active,648.0,393.65999999999997
39-479-5147,Tuna,Seafood,02-156-7270,Meedoo,92.0,68,79,18.0,12/24/2024,8/18/2024,4/4/2024,14 Talmadge Park,40,57,Discontinued,1656.0,648.0
71-085-4290,Cucumber,Fruits & Vegetables,26-593-3478,Eire,31.0,98,72,1.8,8/26/2024,10/7/2024,12/4/2024,2 Basil Street,91,29,Active,55.800000000000004,147.42000000000002
48-957-6116,Eggplant,Fruits & Vegetables,34-334-6888,Topicstorm,31.0,44,9,3.0,5/30/2024,5/16/2024,8/5/2024,938 Hanover Point,46,9,Discontinued,93.0,124.2
83-917-7384,Garlic,Fruits & Vegetables,84-923-5086,Tavu,76.0,97,20,7.0,3/27/2024,8/24/2024,5/11/2024,3 Ilene Terrace,52,82,Discontinued,532.0,327.6
26-031-8070,Vegetable Oil,Oils & Fats,11-096-4003,Trudeo,57.0,99,23,2.0,7/25/2024,5/25/2024,4/19/2024,5414 Linden Point,89,21,Backordered,114.0,160.20000000000002
03-149-9760,Whipped Cream,Dairy,08-141-2402,Yotz,92.0,99,93,4.0,2/19/2025,7/13/2024,3/26/2024,554 Eliot Point,43,90,Discontinued,368.0,154.8
53-680-5293,Cheddar Cheese,Dairy,47-732-4446,Demizz,88.0,74,97,9.0,5/28/2024,5/31/2024,8/24/2024,97687 Mendota Terrace,79,5,Active,792.0,639.9
49-861-7823,Coconut,Fruits & Vegetables,22-152-0111,Skippad,99.0,8,27,5.0,7/16/2024,7/13/2024,8/10/2024,26 Graceland Circle,41,50,Discontinued,495.0,184.5
24-364-3341,Egg (Turkey),Dairy,13-290-8513,Topiclounge,44.0,84,63,2.5,7/29/2024,4/11/2024,9/25/2024,120 Gale Circle,51,67,Discontinued,110.0,114.75
80-374-5711,Herbal Tea,Beverages,77-566-9826,Browsecat,48.0,77,81,31.0,1/28/2025,10/5/2024,12/7/2024,13 Bluejay Way,70,74,Backordered,1488.0,1953.0
76-325-9093,Sesame Oil,Oils & Fats,67-922-3399,Feedbug,27.0,92,56,6.5,4/18/2024,10/19/2024,12/18/2024,01471 Burrows Lane,29,32,Discontinued,175.5,169.65
30-429-2162,Black Rice,Grains & Pulses,05-100-7102,Npath,34.0,96,76,6.15,10/3/2024,12/6/2024,1/15/2025,6382 Anniversary Pass,90,34,Discontinued,209.10000000000002,498.15000000000003
53-446-8243,Orange,Fruits & Vegetables,51-666-7174,Skipfire,41.0,94,4,3.0,2/4/2025,7/26/2024,4/23/2024,757 Grasskamp Drive,88,92,Discontinued,123.0,237.6
67-473-7093,Black Tea,Beverages,92-830-6986,Topicstorm,56.0,12,85,5.0,12/10/2024,3/20/2024,4/19/2024,87417 Forest Pass,52,46,Active,280.0,234.0
98-235-2711,Asparagus,Fruits & Vegetables,23-052-4744,Devpoint,22.0,40,7,5.0,9/12/2024,12/31/2024,1/26/2025,5 Transport Pass,98,60,Active,110.0,441.0
07-219-8017,Palm Oil,Oils & Fats,95-148-9287,Skibox,40.0,2,58,1.8,10/31/2024,8/13/2024,11/8/2024,357 High Crossing Parkway,71,10,Active,72.0,115.02
97-040-3822,Swiss Cheese,Dairy,78-459-1417,Gevee,50.0,99,73,8.0,5/12/2024,8/23/2024,5/17/2024,42 Clemons Terrace,42,1,Backordered,400.0,302.40000000000003
10-002-6494,Mango,Fruits & Vegetables,47-509-7282,Meevee,89.0,92,62,4.8,3/2/2024,7/8/2024,11/11/2024,48 Vahlen Place,46,11,Backordered,427.2,198.72
12-998-3882,Egg (Turkey),Dairy,06-151-9076,Bluezoom,76.0,54,76,2.5,10/1/2024,8/17/2024,5/26/2024,94862 Beilfuss Terrace,69,27,Backordered,190.0,155.25
31-746-4951,Whole Wheat Flour,Grains & Pulses,70-212-0990,Gigaclub,67.0,60,21,2.75,4/3/2024,5/20/2024,9/6/2024,759 Waywood Court,30,6,Active,184.25,74.25
87-097-5691,Robusta Coffee,Beverages,26-213-7885,Photofeed,62.0,78,97,10.0,4/8/2024,8/29/2024,3/26/2024,236 Gateway Lane,62,97,Discontinued,620.0,558.0
34-075-0371,Watermelon,Fruits & Vegetables,32-771-2617,Latz,75.0,10,68,3.0,9/11/2024,1/10/2025,12/3/2024,0039 Shelley Place,90,42,Active,225.0,243.0
40-810-9261,Green Coffee,Beverages,56-554-1762,Cogibox,75.0,47,33,12.5,6/26/2024,12/9/2024,5/23/2024,3 Raven Court,33,12,Discontinued,937.5,371.25
46-931-6897,Cream,Dairy,22-946-8052,Meevee,29.0,32,26,2.5,9/21/2024,6/15/2024,9/15/2024,44 Kensington Road,64,85,Discontinued,72.5,144.0
58-182-6781,Oatmeal Biscuit,Bakery,75-328-1709,Pixope,34.0,55,22,5.0,10/11/2024,6/29/2024,11/15/2024,86 Maryland Junction,77,85,Active,170.0,346.5
06-706-6490,Green Tea,Beverages,85-670-6379,Tanoodle,15.0,66,85,8.0,10/18/2024,7/3/2024,3/15/2024,443 Browning Terrace,60,40,Backordered,120.0,432.0
47-578-4161,Anchovies,Seafood,96-001-5429,Jaxspan,88.0,56,81,10.0,5/10/2024,3/10/2024,9/14/2024,5 Forest Run Way,98,86,Discontinued,880.0,882.0
18-199-5799,Cheddar Cheese,Dairy,76-870-2139,Jayo,40.0,81,40,9.0,10/9/2024,4/28/2024,10/30/2024,87784 Blaine Way,40,48,Backordered,360.0,324.0
00-357-2313,Avocado Oil,Oils & Fats,93-619-6639,Quamba,10.0,86,23,10.0,6/29/2024,11/26/2024,12/13/2024,0 Oxford Crossing,24,52,Backordered,100.0,216.0
83-704-6367,Arabica Coffee,Beverages,41-628-8713,Feedmix,21.0,87,12,21.0,11/17/2024,9/2/2024,9/7/2024,298 Corry Plaza,20,38,Discontinued,441.0,378.0
01-144-5960,Trout,Seafood,80-848-7493,Zazio,75.0,25,99,12.0,10/20/2024,5/29/2024,7/13/2024,52105 Mandrake Place,89,42,Active,900.0,961.2
96-774-0457,Cod,Seafood,71-991-5737,Izio,56.0,50,80,8.0,2/24/2025,3/12/2024,10/22/2024,7369 Thackeray Drive,99,5,Discontinued,448.0,712.8000000000001
24-310-9184,Rye Bread,Bakery,69-378-2045,Brainlounge,69.0,65,91,3.0,7/5/2024,7/26/2024,4/8/2024,6 Haas Circle,98,50,Backordered,207.0,264.6
10-255-8579,Basmati Rice,Grains & Pulses,29-112-1577,Trilia,56.0,53,77,4.5,7/12/2024,7/24/2024,1/28/2025,1959 Marcy Center,69,69,Active,252.0,279.45
38-417-4656,White Sugar,Grains & Pulses,57-202-5756,Dazzlesphere,24.0,69,2,2.0,10/5/2024,4/13/2024,12/23/2024,1309 Elka Junction,20,20,Backordered,48.0,36.0
53-080-8252,Sourdough Bread,Bakery,73-744-7022,Thoughtstorm,30.0,85,21,4.5,12/19/2024,9/24/2024,11/20/2024,2 Grayhawk Junction,32,83,Discontinued,135.0,129.6
14-681-7035,White Tea,Beverages,01-308-0960,Voolith,36.0,90,57,25.0,12/11/2024,8/7/2024,5/18/2024,95261 Morningstar Way,35,68,Backordered,900.0,787.5
96-503-7712,White Bread,Bakery,97-325-5889,Twitterbridge,93.0,76,82,2.5,5/25/2024,7/28/2024,1/19/2025,84148 Prairie Rose Center,76,51,Backordered,232.5,171.0
98-064-4465,Mozzarella Cheese,Dairy,93-719-9817,Feedfire,96.0,38,17,7.0,4/19/2024,10/1/2024,11/11/2024,109 Twin Pines Avenue,72,84,Active,672.0,453.6
84-198-7276,Peanut Oil,Oils & Fats,34-158-6684,Eidel,60.0,88,65,4.0,8/29/2024,1/16/2025,6/15/2024,6 Harbort Hill,94,15,Active,240.0,338.40000000000003
18-278-2383,Gouda Cheese,Dairy,73-210-4267,Skimia,97.0,77,13,7.0,11/11/2024,9/15/2024,7/2/2024,96 American Center,43,40,Backordered,679.0,270.90000000000003
20-054-3716,Chocolate Biscuit,Bakery,49-591-1019,JumpXS,11.0,6,100,5.0,3/5/2024,9/16/2024,2/25/2024,39 Lakewood Gardens Center,88,24,Discontinued,55.0,396.0
63-822-5278,Pomegranate,Fruits & Vegetables,27-636-1606,Kamba,14.0,66,1,6.0,8/13/2024,12/13/2024,2/27/2024,5900 Vahlen Avenue,86,15,Backordered,84.0,464.40000000000003
01-439-6231,Sunflower Oil,Oils & Fats,08-490-1714,Skidoo,88.0,100,17,2.5,12/11/2024,10/28/2024,12/9/2024,8 Spaight Circle,25,28,Discontinued,220.0,56.25
06-690-2335,Jasmine Rice,Grains & Pulses,66-317-4895,Jabbertype,24.0,15,6,4.75,2/22/2025,6/16/2024,5/7/2024,5 Linden Terrace,35,4,Discontinued,114.0,149.625
47-554-5780,Haddock,Seafood,62-979-5038,Babbleopia,93.0,62,65,9.0,6/9/2024,6/22/2024,4/17/2024,1 Westport Crossing,78,87,Active,837.0,631.8000000000001
70-587-1204,Black Rice,Grains & Pulses,41-399-9203,Reallinks,68.0,68,97,6.0,7/8/2024,7/15/2024,6/23/2024,2446 Anhalt Way,37,31,Discontinued,408.0,199.8
97-710-2449,Rye Bread,Bakery,39-676-9308,Tanoodle,28.0,94,80,2.8,5/23/2024,1/23/2025,6/19/2024,0 Miller Pass,31,1,Backordered,78.39999999999999,78.12
51-462-0747,Lime,Fruits & Vegetables,40-417-9838,Vinder,21.0,30,32,2.0,1/22/2025,2/7/2025,3/10/2024,453 Dryden Park,43,54,Backordered,42.0,77.4
90-492-0564,Pomegranate,Fruits & Vegetables,18-085-1667,Shuffledrive,92.0,96,56,6.0,11/18/2024,6/25/2024,7/20/2024,54 Pawling Crossing,32,22,Discontinued,552.0,172.8
63-956-0739,Robusta Coffee,Beverages,17-123-1252,Jetwire,68.0,12,42,10.0,12/5/2024,2/21/2025,12/22/2024,6808 Chinook Parkway,39,6,Backordered,680.0,351.0
30-832-5429,Multigrain Bread,Bakery,41-800-2842,Topicshots,46.0,43,46,3.5,1/10/2025,10/5/2024,9/17/2024,894 Kingsford Road,68,59,Backordered,161.0,214.20000000000002
38-822-8005,Cucumber,Fruits & Vegetables,45-886-1540,Innojam,47.0,20,65,1.75,1/19/2025,1/12/2025,3/31/2024,6 Stang Hill,49,19,Backordered,82.25,77.175
73-118-1117,Olive Oil,Oils & Fats,55-557-8544,Layo,52.0,88,55,6.0,5/27/2024,5/5/2024,11/13/2024,482 Green Center,100,46,Discontinued,312.0,540.0
60-285-3783,Mushrooms,Fruits & Vegetables,58-827-9061,Youfeed,51.0,62,95,6.0,4/7/2024,3/28/2024,1/15/2025,37973 Parkside Junction,52,21,Active,306.0,280.8
00-215-7434,Egg (Goose),Dairy,85-272-3969,Quatz,14.0,63,74,2.5,4/28/2024,2/19/2025,11/28/2024,389 Ridgeway Park,59,63,Backordered,35.0,132.75
68-734-1585,Greek Yogurt,Fruits & Vegetables,54-537-5633,Meeveo,62.0,44,11,51.17,1/8/2025,4/16/2024,7/13/2024,3 Hagan Drive,92,37,Discontinued,3172.54,4236.876
08-703-1382,Peach,Fruits & Vegetables,29-975-3449,Wikizz,40.0,53,7,4.0,2/21/2025,3/6/2024,6/21/2024,082 Clove Plaza,70,20,Backordered,160.0,252.0
65-282-0419,White Tea,Beverages,85-932-1011,Feedbug,50.0,100,91,25.5,12/28/2024,7/17/2024,12/5/2024,509 Waywood Center,29,31,Active,1275.0,665.5500000000001
62-777-6010,Sushi Rice,Grains & Pulses,40-914-7156,Katz,77.0,20,37,4.25,7/3/2024,3/6/2024,11/5/2024,5743 Superior Place,42,19,Backordered,327.25,160.65
87-675-1506,Strawberries,Fruits & Vegetables,21-697-8128,Skalith,31.0,89,7,5.9,8/26/2024,12/7/2024,5/21/2024,60241 Portage Point,46,54,Discontinued,182.9,244.26000000000005
67-027-7269,Mushrooms,Fruits & Vegetables,50-050-5707,Twitterbeat,35.0,19,30,6.5,1/6/2025,11/30/2024,11/9/2024,615 Mayer Drive,88,6,Backordered,227.5,514.8000000000001
72-066-4597,Broccoli,Fruits & Vegetables,97-994-0773,Zoovu,31.0,54,52,4.0,2/20/2025,12/8/2024,12/13/2024,03 Fisk Alley,69,77,Active,124.0,248.4
31-627-6025,White Bread,Bakery,17-084-8551,Ozu,56.0,62,64,2.5,8/22/2024,9/3/2024,1/20/2025,44638 Corscot Lane,56,73,Backordered,140.0,126.0
09-286-8107,Greek Yogurt,Dairy,90-727-4816,Skyndu,90.0,62,54,3.0,1/20/2025,9/7/2024,12/15/2024,75 Bunting Junction,70,83,Discontinued,270.0,189.0
77-013-1553,Canola Oil,Oils & Fats,42-252-5861,Yodo,79.0,31,66,2.3,4/10/2024,10/13/2024,8/20/2024,48788 Chinook Place,92,13,Discontinued,181.7,190.44
15-762-1058,Lime,Fruits & Vegetables,32-914-1424,Tazz,29.0,83,91,2.0,11/29/2024,2/7/2025,1/4/2025,083 Mccormick Park,81,53,Backordered,58.0,145.8
48-193-1199,Canola Oil,Oils & Fats,63-924-5144,Omba,46.0,51,92,2.3,5/7/2024,12/24/2024,6/9/2024,339 Paget Place,47,25,Discontinued,105.8,97.28999999999999
01-173-0029,Blueberries,Fruits & Vegetables,18-880-7910,DabZ,42.0,4,53,10.0,1/10/2025,7/5/2024,4/12/2024,8 Dakota Avenue,37,53,Active,420.0,333.0
79-400-6216,Mozzarella Cheese,Dairy,83-361-7509,Devpoint,16.0,56,13,7.2,2/10/2025,3/10/2024,10/2/2024,4 Warbler Center,56,28,Discontinued,115.2,362.88
80-072-8774,Tuna,Seafood,61-222-8413,Viva,89.0,95,41,18.0,9/24/2024,7/6/2024,10/15/2024,239 Anderson Court,76,96,Discontinued,1602.0,1231.2
78-689-8958,White Tea,Beverages,52-744-6162,Chatterbridge,20.0,43,43,25.0,1/7/2025,2/27/2024,3/29/2024,04 Mesta Parkway,73,6,Active,500.0,1642.5
57-562-2358,Black Coffee,Beverages,22-644-6447,Quamba,37.0,94,76,15.0,6/17/2024,1/19/2025,2/4/2025,00 6th Parkway,94,66,Backordered,555.0,1269.0
56-191-6497,Bread Flour,Grains & Pulses,65-395-5947,Bubblebox,97.0,41,68,1.5,1/14/2025,10/4/2024,1/7/2025,844 Schurz Point,35,16,Discontinued,145.5,47.25
46-753-8430,Feta Cheese,Dairy,35-042-9391,Rhynyx,98.0,77,7,7.0,10/2/2024,11/19/2024,8/5/2024,60356 Derek Lane,92,29,Discontinued,686.0,579.6
48-461-3742,Kiwi,Fruits & Vegetables,78-381-5054,Zooveo,37.0,8,50,6.0,7/6/2024,5/17/2024,1/23/2025,42719 Milwaukee Avenue,47,62,Discontinued,222.0,253.8
16-354-8122,Digestive Biscuit,Bakery,61-604-8116,BlogXS,97.0,99,96,4.0,4/25/2024,1/22/2025,11/27/2024,66 Raven Pass,57,42,Backordered,388.0,205.20000000000002
76-954-1442,Arabica Coffee,Beverages,68-200-8955,Mynte,97.0,77,99,20.0,11/22/2024,4/24/2024,3/18/2024,43024 Elka Avenue,74,98,Backordered,1940.0,1332.0
44-476-0390,Lemon,Fruits & Vegetables,48-562-3582,Flashspan,90.0,92,56,2.5,7/28/2024,4/27/2024,3/14/2024,022 Pierstorff Point,71,13,Active,225.0,159.75
35-617-3857,Arabica Coffee,Beverages,90-718-2724,Youspan,46.0,31,89,20.0,1/4/2025,3/21/2024,3/6/2024,292 Charing Cross Terrace,59,65,Backordered,920.0,1062.0
94-029-2717,Broccoli,Fruits & Vegetables,37-878-9392,Jetpulse,40.0,8,98,4.0,7/26/2024,2/6/2025,6/9/2024,071 Nobel Circle,86,12,Discontinued,160.0,309.6
49-526-7806,Kale,Fruits & Vegetables,66-973-4855,Yodoo,77.0,52,28,4.0,12/19/2024,11/19/2024,5/1/2024,6744 Helena Pass,48,43,Active,308.0,172.8
99-137-1730,Bread Flour,Grains & Pulses,65-797-3468,Skyndu,62.0,79,23,1.5,7/22/2024,2/28/2024,10/18/2024,4105 Fair Oaks Parkway,32,80,Active,93.0,43.2
27-442-3654,Herbal Tea,Beverages,57-544-2465,Yoveo,59.0,17,1,30.0,7/21/2024,8/26/2024,12/3/2024,67677 Lakewood Gardens Way,69,82,Active,1770.0,1863.0
32-933-0329,Blueberries,Fruits & Vegetables,86-760-5412,Linklinks,23.0,38,54,10.0,1/17/2025,7/14/2024,4/15/2024,57150 Del Sol Alley,40,15,Active,230.0,360.0
93-813-2419,Digestive Biscuit,Bakery,12-264-4503,Dynabox,39.0,16,57,4.0,12/21/2024,4/9/2024,6/22/2024,7407 Farragut Pass,98,12,Active,156.0,352.8
85-440-3667,Gouda Cheese,Dairy,00-680-5333,Kamba,68.0,29,31,7.0,8/6/2024,6/3/2024,9/9/2024,6151 Forster Drive,53,20,Backordered,476.0,333.90000000000003
77-224-2227,Almond Flour,Grains & Pulses,89-226-5813,Eimbee,75.0,46,75,9.5,8/26/2024,9/30/2024,10/26/2024,5426 Fordem Pass,43,77,Backordered,712.5,367.65000000000003
60-632-8752,Chocolate Biscuit,Bakery,07-948-8632,Trunyx,96.0,16,48,5.0,11/4/2024,4/4/2024,1/26/2025,48 Golf View Pass,45,68,Active,480.0,202.5
99-561-4871,Haddock,Seafood,04-786-5408,Buzzdog,17.0,38,93,9.0,2/14/2025,8/20/2024,7/28/2024,952 Rowland Junction,100,63,Active,153.0,810.0
61-607-7622,Egg (Duck),Dairy,77-175-2969,Zoonoodle,23.0,38,25,1.0,5/13/2024,2/21/2025,1/15/2025,329 Helena Park,84,78,Discontinued,23.0,75.60000000000001
11-745-3025,Peach,Fruits & Vegetables,54-711-1582,Oyoloo,15.0,27,21,4.0,6/11/2024,2/21/2025,9/3/2024,3104 Ridge Oak Hill,37,67,Backordered,60.0,133.20000000000002
56-810-0550,Mackerel,Seafood,94-145-9423,Janyx,71.0,7,6,7.5,8/29/2024,12/2/2024,9/4/2024,376 Reinke Court,52,68,Backordered,532.5,351.0
59-075-2457,Egg (Goose),Dairy,18-733-2453,Dynava,97.0,26,15,2.5,8/21/2024,2/3/2025,11/10/2024,2 Barby Lane,33,58,Discontinued,242.5,74.25
40-021-2400,Zucchini,Fruits & Vegetables,62-648-2577,Katz,29.0,18,86,2.5,10/24/2024,11/16/2024,5/11/2024,265 Columbus Way,53,69,Active,72.5,119.25
29-017-6255,Bell Pepper,Fruits & Vegetables,43-348-2450,Eimbee,46.0,64,17,4.6,3/1/2024,1/6/2025,1/31/2025,20 Pennsylvania Parkway,96,55,Discontinued,211.6,397.44
92-291-7089,Cheese,Dairy,08-523-5066,Jaxspan,76.0,15,99,9.5,2/1/2025,7/26/2024,5/6/2024,9307 Kingsford Road,60,49,Discontinued,722.0,513.0
69-287-9113,Zucchini,Fruits & Vegetables,20-952-0731,Jaxspan,59.0,91,24,2.5,10/27/2024,6/29/2024,12/16/2024,11 Golden Leaf Alley,54,87,Active,147.5,121.5
76-540-6407,Orange,Fruits & Vegetables,78-644-5877,Demimbu,92.0,54,73,3.1,2/7/2025,1/17/2025,12/13/2024,77 Prairie Rose Park,79,1,Backordered,285.2,220.41
85-561-4694,Kiwi,Fruits & Vegetables,57-486-8971,Tazz,28.0,27,22,6.0,5/15/2024,8/15/2024,5/11/2024,1 Lake View Trail,70,30,Discontinued,168.0,378.0
34-928-2775,Coconut,Fruits & Vegetables,07-959-3210,Browseblab,19.0,47,25,5.0,12/18/2024,2/24/2025,1/28/2025,7945 Mayer Center,96,37,Discontinued,95.0,432.0
90-773-9557,Butter,Dairy,02-165-5779,Npath,85.0,28,21,3.0,8/20/2024,6/30/2024,6/12/2024,904 Del Mar Crossing,45,89,Active,255.0,121.5
57-394-1587,Bread Flour,Grains & Pulses,59-595-7531,Roomm,57.0,63,41,1.5,8/25/2024,2/17/2025,10/30/2024,561 Blue Bill Park Road,53,94,Discontinued,85.5,71.55
28-008-2951,Broccoli,Fruits & Vegetables,64-118-1480,Buzzster,95.0,29,28,4.0,7/20/2024,1/16/2025,5/20/2024,26 Barnett Junction,52,46,Discontinued,380.0,187.20000000000002
74-711-7160,Sushi Rice,Grains & Pulses,40-662-8853,Meembee,84.0,69,77,4.5,1/22/2025,12/28/2024,6/1/2024,44296 Kropf Avenue,39,69,Backordered,378.0,157.95000000000002
22-895-6595,Rice Flour,Grains & Pulses,18-445-5057,Topicblab,31.0,32,69,2.0,2/29/2024,6/4/2024,11/21/2024,34642 Carpenter Place,38,23,Active,62.0,68.4
19-214-5762,Pear,Fruits & Vegetables,88-108-3774,Gigashots,41.0,52,75,4.5,4/6/2024,4/24/2024,10/13/2024,7 Bonner Terrace,57,62,Backordered,184.5,230.85
95-349-0828,Feta Cheese,Dairy,43-977-2343,Avaveo,97.0,57,84,7.0,9/27/2024,8/29/2024,2/6/2025,60 Towne Hill,95,28,Active,679.0,598.5
00-963-2193,Milk,Dairy,39-521-8484,Thoughtsphere,43.0,88,33,1.0,7/19/2024,2/3/2025,12/23/2024,5030 Moose Junction,84,75,Discontinued,43.0,75.60000000000001
76-459-2392,Palm Oil,Oils & Fats,91-030-6609,Fivebridge,74.0,4,67,1.8,3/26/2024,4/13/2024,5/24/2024,2005 Mccormick Road,31,34,Backordered,133.20000000000002,50.220000000000006
10-034-7654,Bread Flour,Grains & Pulses,27-292-4656,Zava,70.0,96,92,1.5,4/18/2024,10/25/2024,5/28/2024,21 Esker Way,27,58,Backordered,105.0,36.45
24-972-6969,Cheese,Dairy,27-532-7847,Twitterbeat,69.0,53,32,9.2,9/11/2024,5/28/2024,6/13/2024,5862 Hooker Pass,28,56,Active,634.8,231.83999999999997
94-190-5193,Carrot,Fruits & Vegetables,95-778-2888,Quinu,67.0,68,50,1.5,9/23/2024,11/21/2024,4/9/2024,24385 Prentice Plaza,67,82,Discontinued,100.5,90.45
92-791-0606,Short Grain Rice,Grains & Pulses,56-050-1773,Photobean,18.0,62,2,3.0,3/26/2024,4/28/2024,9/6/2024,739 Grayhawk Trail,61,78,Discontinued,54.0,164.70000000000002
84-629-1532,Arabica Coffee,Beverages,50-378-4320,Chatterpoint,22.0,89,25,21.0,2/25/2024,11/27/2024,7/20/2024,7 Sloan Park,30,62,Discontinued,462.0,567.0
68-977-2498,Grapes,Fruits & Vegetables,26-222-1156,Skinix,88.0,99,41,5.5,7/30/2024,5/20/2024,7/21/2024,6482 Ramsey Alley,93,99,Backordered,484.0,460.35
91-257-3672,Tilapia,Seafood,30-438-6295,InnoZ,78.0,75,3,7.0,8/8/2024,12/18/2024,7/5/2024,10997 Dexter Parkway,63,100,Active,546.0,396.90000000000003
09-536-2626,Olive Oil,Oils & Fats,14-483-5712,Fliptune,83.0,52,32,6.0,10/17/2024,8/26/2024,3/21/2024,205 Straubel Court,47,7,Active,498.0,253.8
61-801-8665,Robusta Coffee,Beverages,78-283-9751,Demivee,42.0,88,17,10.5,10/19/2024,12/6/2024,6/24/2024,58 La Follette Park,34,51,Discontinued,441.0,321.3
38-296-6634,Peas,Fruits & Vegetables,41-083-3955,Skipfire,49.0,46,8,3.0,10/22/2024,3/31/2024,12/10/2024,160 Kings Street,82,21,Discontinued,147.0,221.4
30-591-7275,Brown Rice,Grains & Pulses,12-431-9207,Oyondu,17.0,88,41,2.5,10/21/2024,2/19/2025,1/18/2025,7020 Porter Trail,45,29,Backordered,42.5,101.25
83-763-5038,Buttermilk,Dairy,26-438-8349,Jatri,52.0,64,54,2.4,11/22/2024,9/9/2024,10/23/2024,5 Armistice Parkway,21,55,Backordered,124.8,45.36
37-709-3532,Mushrooms,Fruits & Vegetables,08-439-3820,Demivee,79.0,45,39,6.0,10/29/2024,11/7/2024,5/11/2024,524 Saint Paul Park,55,20,Backordered,474.0,297.0
62-795-7801,Palm Oil,Oils & Fats,08-312-0872,Buzzshare,35.0,41,84,1.8,8/17/2024,7/28/2024,11/23/2024,94451 Arkansas Park,62,14,Backordered,63.0,100.44000000000001
98-575-4736,Cucumber,Fruits & Vegetables,44-429-6199,Flashset,76.0,11,15,1.8,10/20/2024,5/25/2024,9/17/2024,83 Pleasure Street,22,91,Active,136.8,35.64
57-861-4379,Swiss Cheese,Dairy,73-383-4390,Feedmix,93.0,8,51,8.0,2/28/2024,5/15/2024,2/4/2025,64407 Marcy Plaza,93,85,Backordered,744.0,669.6
00-119-8780,Halibut,Seafood,14-703-2550,Jaxspan,40.0,81,78,20.0,2/17/2025,7/16/2024,3/4/2024,21 Sunbrook Court,39,65,Backordered,800.0,702.0
28-824-9017,Trout,Seafood,93-712-3934,Flipbug,19.0,94,17,11.5,8/22/2024,6/8/2024,6/14/2024,4 Jay Terrace,96,74,Discontinued,218.5,993.6
56-668-5370,Vegetable Oil,Oils & Fats,13-526-1392,Vimbo,70.0,96,21,2.0,11/26/2024,9/10/2024,8/3/2024,05686 Golden Leaf Point,100,15,Discontinued,140.0,180.0
29-756-7042,Digestive Biscuit,Bakery,20-426-2191,Dabvine,90.0,52,50,4.0,6/29/2024,4/15/2024,5/7/2024,99 Fair Oaks Circle,63,14,Discontinued,360.0,226.8
41-538-3129,Digestive Biscuit,Bakery,91-589-9007,Devshare,77.0,79,65,4.0,9/1/2024,3/17/2024,7/31/2024,2 Carioca Crossing,62,75,Backordered,308.0,223.20000000000002
16-380-0753,Apricot,Fruits & Vegetables,24-603-5521,Quinu,38.0,22,71,5.0,10/7/2024,5/16/2024,5/8/2024,701 Logan Court,33,62,Active,190.0,148.5
26-535-4727,Tilapia,Seafood,17-939-1338,Jamia,93.0,25,23,7.0,6/21/2024,8/17/2024,4/29/2024,4 Darwin Circle,72,83,Backordered,651.0,453.6
59-857-6577,Evaporated Milk,Dairy,57-569-7172,Blognation,23.0,100,77,2.0,5/10/2024,8/10/2024,3/4/2024,230 Tony Court,63,26,Discontinued,46.0,113.4
14-550-2152,Green Tea,Beverages,60-003-2919,Livepath,51.0,1,61,7.6,3/29/2024,6/18/2024,11/17/2024,3 Forster Point,96,26,Active,387.59999999999997,656.64
39-315-3936,Heavy Cream,Dairy,99-034-7010,Yata,57.0,62,72,4.0,2/21/2025,9/25/2024,8/10/2024,850 Glacier Hill Drive,23,4,Backordered,228.0,82.8
87-199-2743,Papaya,Fruits & Vegetables,54-907-6531,Demivee,59.0,74,100,4.5,3/26/2024,9/15/2024,11/12/2024,38695 Kenwood Circle,63,69,Active,265.5,255.15
60-771-0879,Blueberries,Fruits & Vegetables,90-554-0576,Kayveo,89.0,15,22,10.0,11/17/2024,2/11/2025,5/3/2024,9 Karstens Center,79,42,Discontinued,890.0,711.0
00-440-9568,Blueberries,Fruits & Vegetables,43-605-2448,Kamba,53.0,98,25,10.0,9/23/2024,9/4/2024,12/20/2024,052 Northland Trail,55,51,Active,530.0,495.0
07-074-1196,Plum,Fruits & Vegetables,69-112-6969,Skajo,11.0,56,62,3.9,4/14/2024,1/10/2025,10/10/2024,27 New Castle Avenue,40,5,Backordered,42.9,140.4
69-674-5387,Yogurt,Dairy,04-313-0298,Miboo,59.0,27,63,1.75,6/15/2024,6/27/2024,2/1/2025,6211 Hanson Terrace,92,82,Discontinued,103.25,144.9
08-940-8578,Onion,Fruits & Vegetables,37-686-1726,Oba,34.0,29,65,2.0,5/3/2024,10/4/2024,11/22/2024,74 Menomonie Point,90,23,Discontinued,68.0,162.0
94-020-6982,Tuna,Seafood,72-649-3163,Thoughtstorm,25.0,75,27,18.0,1/2/2025,10/5/2024,5/4/2024,381 Rutledge Place,31,36,Active,450.0,502.2
42-879-9478,Anchovies,Seafood,00-900-0119,Zoonder,81.0,22,20,10.0,6/1/2024,2/23/2025,8/22/2024,86 Porter Junction,95,77,Discontinued,810.0,855.0
00-405-7428,Apple,Fruits & Vegetables,42-746-2717,Zava,81.0,74,45,3.5,1/20/2025,1/27/2025,1/12/2025,42 Mallory Court,42,23,Discontinued,283.5,132.3
87-997-0228,Watermelon,Fruits & Vegetables,55-156-6528,Topicblab,71.0,4,37,3.0,9/15/2024,10/24/2024,12/27/2024,26240 Maple Wood Place,81,25,Discontinued,213.0,218.70000000000002
05-498-7751,Cauliflower,Fruits & Vegetables,17-963-6051,Abata,52.0,22,37,2.5,10/28/2024,7/10/2024,3/24/2024,30408 5th Way,56,44,Active,130.0,126.0
55-631-7937,Greek Yogurt,Dairy,79-508-5241,Avamba,26.0,54,90,3.0,10/15/2024,6/19/2024,1/21/2025,82 Drewry Junction,25,81,Active,78.0,67.5
27-389-3529,Haddock,Seafood,73-201-2803,Feedfish,84.0,8,54,9.0,1/14/2025,4/23/2024,3/9/2024,234 Eagle Crest Avenue,60,38,Active,756.0,486.0
84-272-0790,Blueberries,Fruits & Vegetables,00-635-4638,Eidel,28.0,86,44,10.0,5/23/2024,11/18/2024,7/29/2024,53 Caliangt Junction,48,12,Backordered,280.0,432.0
01-903-5373,Strawberries,Fruits & Vegetables,37-902-0286,Lazz,94.0,77,89,6.0,9/30/2024,6/20/2024,6/21/2024,32525 Marquette Park,40,84,Discontinued,564.0,216.0
49-311-3063,Kiwi,Fruits & Vegetables,15-947-9718,Talane,47.0,75,53,6.0,2/6/2025,10/3/2024,7/3/2024,71 Bultman Drive,70,20,Discontinued,282.0,378.0
04-277-5245,Coconut Sugar,Grains & Pulses,90-175-7764,Bubblebox,20.0,51,21,5.0,3/19/2024,7/28/2024,6/18/2024,911 Ridgeway Way,71,26,Backordered,100.0,319.5
04-453-5485,Tomato,Fruits & Vegetables,43-880-2879,Quatz,84.0,20,58,2.5,4/8/2024,1/10/2025,4/2/2024,2 Sunbrook Lane,86,64,Backordered,210.0,193.5
42-141-5718,Cheese,Dairy,67-662-3444,Mydeo,100.0,31,43,9.0,9/13/2024,1/6/2025,12/26/2024,1700 Briar Crest Parkway,88,52,Backordered,900.0,712.8000000000001
89-602-6755,Milk,Dairy,51-054-3811,BlogXS,74.0,90,26,1.0,5/23/2024,2/7/2025,7/17/2024,4 Bashford Court,24,11,Discontinued,74.0,21.6
15-045-8444,Green Coffee,Beverages,29-143-2001,Aibox,27.0,12,93,12.0,3/4/2024,7/12/2024,3/27/2024,97 Thierer Terrace,88,83,Discontinued,324.0,950.4
15-240-6267,Eggplant,Fruits & Vegetables,12-983-3026,Mybuzz,91.0,55,94,3.0,3/11/2024,4/10/2024,4/26/2024,25784 Old Gate Crossing,42,93,Active,273.0,113.4
05-193-8096,Grapes,Fruits & Vegetables,86-709-5618,Rhynoodle,82.0,21,85,5.5,4/14/2024,3/19/2024,7/8/2024,38 Rutledge Plaza,39,18,Backordered,451.0,193.05
93-342-8794,Bread Flour,Grains & Pulses,93-688-1260,Realblab,84.0,91,86,1.5,1/8/2025,12/7/2024,11/22/2024,39102 Division Trail,83,95,Backordered,126.0,112.05
83-716-2177,Halibut,Seafood,79-518-8344,Linktype,18.0,46,26,20.0,4/10/2024,10/10/2024,9/13/2024,26266 Esker Point,57,95,Backordered,360.0,1026.0
56-635-6764,Sourdough Bread,Bakery,20-257-6927,Avamba,12.0,59,62,4.5,6/3/2024,1/16/2025,8/5/2024,744 Green Center,75,92,Backordered,54.0,303.75
10-249-7928,Black Rice,Grains & Pulses,69-861-0313,Voomm,85.0,4,75,6.5,8/18/2024,4/3/2024,11/3/2024,57598 Russell Center,95,70,Backordered,552.5,555.75
65-759-3721,Butter Biscuit,Bakery,21-634-5781,Vipe,33.0,60,67,6.0,6/16/2024,5/24/2024,12/28/2024,315 Acker Alley,20,7,Discontinued,198.0,108.0
08-725-8156,Tilapia,Seafood,32-196-4714,Flipopia,59.0,59,10,7.0,8/18/2024,11/10/2024,3/15/2024,73397 Steensland Circle,57,50,Active,413.0,359.1
15-679-3935,Grapes,Fruits & Vegetables,35-906-1010,Jabbersphere,22.0,69,87,5.5,2/9/2025,6/15/2024,2/20/2025,95 Garrison Plaza,34,26,Backordered,121.0,168.3
81-578-7404,Gouda Cheese,Dairy,90-177-6733,Rhyloo,67.0,79,98,7.0,2/13/2025,8/11/2024,4/6/2024,5989 Longview Drive,73,36,Active,469.0,459.90000000000003
82-380-5378,Cheese,Dairy,96-353-3049,Oozz,78.0,24,31,9.0,6/1/2024,6/3/2024,3/7/2024,05518 Saint Paul Street,60,41,Active,702.0,486.0
78-362-8578,Lemon,Fruits & Vegetables,57-633-6273,Vimbo,72.0,32,80,2.45,7/6/2024,11/17/2024,4/10/2024,86 Corben Crossing,25,9,Backordered,176.4,55.12500000000001
32-261-0008,Heavy Cream,Dairy,26-073-5798,Oyoyo,63.0,48,22,4.0,5/30/2024,2/18/2025,7/18/2024,2 Kingsford Center,21,90,Discontinued,252.0,75.60000000000001
74-943-9034,White Bread,Bakery,15-739-5480,Tagfeed,30.0,91,34,2.5,7/11/2024,11/18/2024,5/6/2024,0 Saint Paul Center,97,88,Active,75.0,218.25
86-330-0214,Arabica Coffee,Beverages,87-840-7803,Jayo,36.0,64,63,20.0,3/15/2024,2/18/2025,3/30/2024,5818 Twin Pines Place,91,35,Backordered,720.0,1638.0
80-334-0215,Grapes,Fruits & Vegetables,19-156-3869,Camimbo,88.0,27,92,5.5,11/27/2024,4/30/2024,6/22/2024,611 Waubesa Circle,57,37,Discontinued,484.0,282.15000000000003
48-957-8596,Banana,Fruits & Vegetables,40-817-2222,Youfeed,95.0,25,91,53.82,9/4/2024,4/24/2024,10/18/2024,3825 Raven Avenue,87,5,Discontinued,5112.9,4214.106000000001
37-246-0018,Broccoli,Fruits & Vegetables,61-907-0994,Skilith,30.0,59,76,4.0,3/20/2024,1/14/2025,4/11/2024,52 Alpine Crossing,61,3,Discontinued,120.0,219.6
17-002-4721,Green Beans,Fruits & Vegetables,38-310-4533,Omba,31.0,55,5,2.0,9/10/2024,2/18/2025,10/29/2024,379 Duke Court,71,46,Active,62.0,127.8
47-802-5023,Cod,Seafood,51-010-8144,Buzzster,16.0,20,45,8.0,4/30/2024,10/18/2024,6/7/2024,7096 Mcguire Park,81,62,Active,128.0,583.2
22-319-1377,White Sugar,Grains & Pulses,82-266-1796,Skyba,14.0,16,93,2.0,7/23/2024,3/3/2024,6/21/2024,083 Gulseth Pass,39,30,Active,28.0,70.2
57-903-6434,Tomato,Fruits & Vegetables,30-460-3122,Shuffledrive,44.0,67,15,2.5,3/13/2024,3/10/2024,3/23/2024,34 Linden Court,82,51,Active,110.0,184.5
22-083-3347,Long Grain Rice,Grains & Pulses,01-431-7544,Yodoo,69.0,82,58,1.5,7/7/2024,4/29/2024,4/30/2024,38 Superior Road,34,22,Discontinued,103.5,45.9
65-145-9672,Long Grain Rice,Grains & Pulses,65-068-1200,Gigashots,71.0,10,49,1.5,8/11/2024,3/16/2024,5/26/2024,8 Dovetail Junction,66,43,Active,106.5,89.10000000000001
95-252-9619,Carrot,Fruits & Vegetables,38-819-2922,Skynoodle,92.0,39,50,1.6,12/27/2024,12/7/2024,11/9/2024,57453 Northwestern Alley,30,41,Backordered,147.20000000000002,43.2
74-294-3760,Peanut Oil,Oils & Fats,81-233-6894,Babblestorm,49.0,17,54,4.0,9/23/2024,11/30/2024,11/27/2024,0109 Stang Terrace,45,96,Discontinued,196.0,162.0
06-797-4963,Pomegranate,Fruits & Vegetables,41-821-0197,Innojam,52.0,8,37,6.0,8/31/2024,8/15/2024,8/16/2024,1008 Welch Street,38,81,Active,312.0,205.20000000000002
39-768-8205,Egg (Turkey),Dairy,07-987-4536,Gigabox,56.0,97,29,2.5,2/28/2024,7/17/2024,11/29/2024,32 Rigney Terrace,82,100,Backordered,140.0,184.5
03-043-9933,Strawberries,Fruits & Vegetables,48-450-4126,Yombu,16.0,23,76,6.1,7/21/2024,2/9/2025,2/8/2025,884 Fieldstone Plaza,50,27,Backordered,97.6,274.5
29-823-6004,Zucchini,Fruits & Vegetables,10-295-7996,Trudeo,52.0,79,87,2.5,6/11/2024,4/4/2024,3/10/2024,3 Lawn Park,36,100,Discontinued,130.0,81.0
40-462-2952,Trout,Seafood,57-323-8059,Browsezoom,91.0,68,80,11.5,8/12/2024,10/14/2024,11/19/2024,0258 Shoshone Center,81,85,Backordered,1046.5,838.35
71-999-2404,Mango,Fruits & Vegetables,01-285-0018,Meezzy,58.0,58,28,4.7,3/18/2024,8/5/2024,1/29/2025,18 Warrior Circle,85,63,Active,272.6,359.55
03-919-9890,Halibut,Seafood,69-289-8783,Wikibox,47.0,29,70,20.0,8/9/2024,12/7/2024,7/25/2024,7 Riverside Road,61,44,Active,940.0,1098.0
94-525-6925,Rye Bread,Bakery,31-892-6816,Kwilith,50.0,56,63,3.0,3/27/2024,5/16/2024,9/17/2024,667 Arkansas Circle,70,100,Discontinued,150.0,189.0
08-213-2058,Sour Cream,Dairy,13-179-9553,Babblestorm,43.0,73,14,4.0,7/28/2024,9/7/2024,8/26/2024,33 Clarendon Hill,59,65,Active,172.0,212.4
51-312-8608,Cheddar Cheese,Dairy,06-315-0552,Jabbersphere,68.0,60,21,8.9,2/27/2024,10/2/2024,4/29/2024,406 Westridge Alley,79,46,Active,605.2,632.7900000000001
67-512-9754,Egg (Turkey),Dairy,35-941-2585,DabZ,19.0,100,83,2.5,4/25/2024,7/21/2024,3/22/2024,69 Orin Plaza,66,28,Discontinued,47.5,148.5
45-402-0421,Swiss Cheese,Dairy,87-201-6047,Quinu,70.0,84,72,8.0,7/20/2024,12/8/2024,7/14/2024,36 Longview Street,71,20,Active,560.0,511.2
85-207-4164,Eggplant,Fruits & Vegetables,07-067-3439,Tanoodle,97.0,20,72,3.0,2/29/2024,2/6/2025,12/10/2024,41 Comanche Park,29,59,Backordered,291.0,78.3
72-780-6006,Sunflower Oil,Oils & Fats,81-292-4650,Voolith,87.0,24,19,2.5,5/11/2024,12/13/2024,4/17/2024,88721 Dawn Crossing,83,3,Discontinued,217.5,186.75
93-166-3169,White Tea,Beverages,21-156-0102,Viva,58.0,81,66,25.0,6/24/2024,2/13/2025,1/2/2025,339 Crescent Oaks Plaza,85,78,Active,1450.0,1912.5
21-718-6746,Coconut,Fruits & Vegetables,96-012-3393,Eamia,16.0,53,12,5.0,6/11/2024,1/20/2025,6/6/2024,277 Pawling Terrace,21,29,Discontinued,80.0,94.5
93-966-7754,Pineapple,Fruits & Vegetables,78-787-7171,Quinu,65.0,35,3,3.5,8/11/2024,1/18/2025,9/27/2024,4 4th Place,25,13,Active,227.5,78.75
47-663-5703,Basmati Rice,Grains & Pulses,52-062-2916,Kanoodle,15.0,49,40,4.5,12/6/2024,6/14/2024,9/14/2024,6500 Raven Drive,68,74,Discontinued,67.5,275.40000000000003
34-110-1040,Bell Pepper,Fruits & Vegetables,14-427-6604,Leenti,75.0,85,27,4.5,5/30/2024,6/9/2024,6/24/2024,42397 Knutson Place,26,68,Discontinued,337.5,105.3
82-342-7339,Vanilla Biscuit,Bakery,14-325-9173,Yozio,80.0,61,23,5.5,7/27/2024,7/31/2024,3/4/2024,317 Anniversary Pass,63,75,Backordered,440.0,311.85
43-670-8544,Orange,Fruits & Vegetables,16-656-4821,Camido,84.0,95,22,2.85,6/20/2024,5/14/2024,10/7/2024,3 Logan Trail,48,82,Discontinued,239.4,123.12000000000002
12-439-8428,Eggplant,Fruits & Vegetables,43-542-6868,Ainyx,17.0,3,33,3.0,3/21/2024,9/14/2024,5/31/2024,6 Rusk Pass,49,17,Backordered,51.0,132.3
49-919-8798,Evaporated Milk,Dairy,82-482-3670,Gigabox,64.0,31,91,1.9,6/19/2024,8/4/2024,10/10/2024,3 Dottie Junction,85,42,Discontinued,121.6,145.35
73-567-6194,Whipped Cream,Dairy,81-927-7236,Yakitri,76.0,81,85,4.0,3/4/2024,12/10/2024,9/8/2024,069 Basil Center,65,68,Active,304.0,234.0
83-573-4586,Sesame Oil,Oils & Fats,91-191-2324,Thoughtbeat,77.0,95,82,6.5,4/17/2024,10/19/2024,7/18/2024,84575 Randy Point,29,46,Backordered,500.5,169.65
12-798-9401,Cream,Dairy,96-609-6152,Thoughtblab,18.0,14,77,2.5,1/5/2025,5/12/2024,5/25/2024,5 Forster Point,78,4,Backordered,45.0,175.5
02-895-7781,Coconut Sugar,Grains & Pulses,23-109-2205,Tagchat,51.0,55,76,5.0,2/19/2025,9/26/2024,1/24/2025,2582 Autumn Leaf Park,21,13,Discontinued,255.0,94.5
83-625-3618,Asparagus,Fruits & Vegetables,64-528-9996,Realmix,68.0,12,73,5.0,8/5/2024,1/11/2025,7/4/2024,2696 Katie Road,84,95,Backordered,340.0,378.0
89-181-4523,Wild Rice,Grains & Pulses,54-749-3622,Devbug,46.0,6,64,10.0,7/23/2024,6/23/2024,12/22/2024,022 Prairie Rose Drive,63,29,Discontinued,460.0,567.0
95-354-8583,Long Grain Rice,Grains & Pulses,02-057-9401,Meevee,98.0,40,93,1.5,2/19/2025,2/11/2025,10/20/2024,848 Mariners Cove Junction,30,53,Active,147.0,40.5
90-303-1821,Onion,Fruits & Vegetables,96-786-0667,Edgewire,50.0,20,74,2.0,2/13/2025,8/3/2024,10/5/2024,6435 Burning Wood Drive,30,57,Backordered,100.0,54.0
71-631-5875,Salmon,Seafood,91-859-1733,Feedfish,88.0,83,42,15.0,5/29/2024,9/9/2024,10/25/2024,13 Loomis Alley,61,59,Discontinued,1320.0,823.5
02-275-6061,Potato,Fruits & Vegetables,21-829-0398,Edgewire,26.0,16,69,1.2,6/30/2024,3/26/2024,8/19/2024,6891 Mandrake Park,64,79,Discontinued,31.2,69.12
04-001-1793,Green Coffee,Beverages,29-359-0109,Oozz,43.0,38,63,12.0,3/31/2024,2/2/2025,4/9/2024,0 Stoughton Terrace,88,65,Backordered,516.0,950.4
47-749-3277,Powdered Sugar,Grains & Pulses,96-551-3929,Devbug,46.0,20,30,2.5,3/6/2024,2/29/2024,9/13/2024,502 Sachs Circle,54,24,Backordered,115.0,121.5
37-666-3902,Cauliflower,Fruits & Vegetables,58-536-6583,Meevee,19.0,73,60,2.45,3/12/2024,8/11/2024,6/12/2024,85276 Lakewood Gardens Alley,70,48,Backordered,46.550000000000004,154.35
73-942-0508,Kale,Fruits & Vegetables,37-057-3553,Brightbean,61.0,100,94,4.0,7/20/2024,1/14/2025,10/4/2024,1034 2nd Point,76,2,Backordered,244.0,273.6
57-359-3397,Garlic,Fruits & Vegetables,54-659-1177,Twiyo,43.0,40,30,7.0,7/13/2024,10/2/2024,12/19/2024,81071 West Alley,95,26,Active,301.0,598.5
46-436-5351,Green Tea,Beverages,07-471-0050,Fiveclub,80.0,54,21,8.5,8/24/2024,9/30/2024,4/16/2024,226 Calypso Road,81,37,Active,680.0,619.65
27-881-1177,Green Tea,Beverages,64-807-5250,Skalith,34.0,47,99,8.0,1/23/2025,7/3/2024,11/23/2024,1223 Monument Drive,97,47,Backordered,272.0,698.4
85-237-3505,Green Tea,Beverages,92-296-1266,Thoughtsphere,88.0,50,88,8.0,8/23/2024,11/13/2024,11/3/2024,20073 Northfield Way,78,28,Discontinued,704.0,561.6
80-371-3695,Cottage Cheese,Dairy,42-254-7371,Divape,89.0,42,76,5.0,12/15/2024,11/30/2024,12/10/2024,163 Esch Pass,94,81,Backordered,445.0,423.0
04-758-0410,Wild Rice,Grains & Pulses,56-231-2524,Wordpedia,26.0,21,47,10.0,8/3/2024,8/16/2024,5/2/2024,5 Toban Circle,40,59,Discontinued,260.0,360.0
65-644-1394,Pear,Fruits & Vegetables,23-280-1300,Lazz,26.0,95,36,4.5,7/29/2024,1/6/2025,2/10/2025,582 Dahle Center,92,14,Active,117.0,372.6
04-293-6969,Peach,Fruits & Vegetables,69-087-6645,Linktype,37.0,38,24,4.0,6/15/2024,9/2/2024,8/20/2024,0 Oak Valley Lane,93,32,Active,148.0,334.8
40-997-2786,Yogurt,Dairy,18-743-4684,Browsecat,76.0,98,41,1.75,11/14/2024,5/23/2024,10/14/2024,5551 Mallory Lane,62,48,Backordered,133.0,97.65
91-553-1774,Feta Cheese,Dairy,74-943-4552,Demivee,80.0,43,80,7.0,6/26/2024,9/5/2024,4/12/2024,84 Washington Crossing,64,53,Active,560.0,403.2
13-980-8804,Sweet Potato,Fruits & Vegetables,20-608-1290,Photospace,100.0,3,32,2.0,8/19/2024,10/1/2024,2/10/2025,41 Nelson Center,98,91,Backordered,200.0,176.4
19-672-8982,Butter,Dairy,50-214-3802,Meembee,21.0,87,67,3.1,1/3/2025,1/23/2025,3/31/2024,285 East Plaza,64,69,Discontinued,65.10000000000001,178.56
35-299-0889,Coconut Oil,Oils & Fats,16-776-9987,Gevee,33.0,78,79,5.0,11/5/2024,7/11/2024,4/21/2024,95 Packers Lane,60,25,Discontinued,165.0,270.0
17-022-9721,Apple,Fruits & Vegetables,59-629-0798,Chatterpoint,43.0,63,99,3.5,11/8/2024,12/13/2024,1/12/2025,39 Dahle Alley,39,77,Discontinued,150.5,122.85000000000001
22-849-2551,Mushrooms,Fruits & Vegetables,14-231-9135,Izio,34.0,1,79,6.2,6/12/2024,12/20/2024,9/8/2024,81533 John Wall Court,58,36,Discontinued,210.8,323.64000000000004
53-050-8242,Mackerel,Seafood,31-163-5871,Yodoo,82.0,25,94,7.5,3/30/2024,3/16/2024,2/15/2025,9 Cordelia Trail,66,14,Backordered,615.0,445.5
88-183-5781,Whole Wheat Bread,Bakery,49-247-1217,Lazz,17.0,63,3,3.5,8/2/2024,8/24/2024,12/27/2024,46 Delaware Place,93,26,Backordered,59.5,292.95
09-101-1740,Sushi Rice,Grains & Pulses,63-836-1262,Talane,36.0,81,54,4.75,7/7/2024,12/20/2024,8/31/2024,96629 Nova Plaza,73,60,Discontinued,171.0,312.075
98-445-7372,Cod,Seafood,71-676-6562,Roombo,65.0,79,52,8.0,5/12/2024,10/3/2024,5/30/2024,8531 Manley Court,56,94,Discontinued,520.0,403.2
29-875-6900,Papaya,Fruits & Vegetables,78-098-4468,Avaveo,45.0,28,6,4.5,3/18/2024,1/23/2025,8/22/2024,2 Sachtjen Park,35,16,Discontinued,202.5,141.75
27-757-4489,Egg (Goose),Dairy,04-456-0715,Abatz,35.0,78,68,2.5,4/12/2024,1/19/2025,7/4/2024,27535 Morrow Avenue,95,91,Discontinued,87.5,213.75
51-069-0489,Bread Flour,Grains & Pulses,19-978-0708,Oloo,96.0,83,50,1.5,10/4/2024,3/30/2024,5/30/2024,3 Anthes Place,81,89,Discontinued,144.0,109.35000000000001
20-325-1965,Coconut,Fruits & Vegetables,97-155-1262,Katz,56.0,75,13,5.0,9/4/2024,4/4/2024,5/21/2024,78884 Union Street,42,53,Backordered,280.0,189.0
76-090-4411,Ricotta Cheese,Dairy,82-552-6786,Shufflester,49.0,94,18,6.0,12/12/2024,8/10/2024,4/16/2024,15 Loomis Avenue,38,11,Active,294.0,205.20000000000002
01-703-8441,Raw Sugar,Grains & Pulses,91-216-7668,Cogilith,100.0,10,89,1.5,4/23/2024,1/1/2025,6/21/2024,4029 Lotheville Pass,76,38,Backordered,150.0,102.60000000000001
09-622-7119,Haddock,Seafood,59-781-3399,Youtags,30.0,81,99,9.0,7/22/2024,1/30/2025,6/15/2024,665 Sommers Circle,99,3,Backordered,270.0,801.9
45-172-7012,Papaya,Fruits & Vegetables,95-721-9228,Brightbean,20.0,91,12,4.5,11/26/2024,12/13/2024,12/1/2024,11 Kedzie Avenue,35,50,Active,90.0,141.75
06-849-4869,Sesame Oil,Oils & Fats,39-464-7300,Rhycero,85.0,15,16,6.5,5/13/2024,2/19/2025,7/15/2024,041 Paget Alley,46,24,Discontinued,552.5,269.1
30-996-2526,Green Beans,Fruits & Vegetables,30-942-0054,Izio,86.0,90,39,2.1,10/20/2024,2/28/2024,9/7/2024,77 Monterey Avenue,98,85,Active,180.6,185.22000000000003
71-074-6292,Sourdough Bread,Bakery,42-201-4495,Plajo,65.0,79,49,4.0,4/2/2024,6/10/2024,10/17/2024,338 Annamark Court,100,9,Discontinued,260.0,360.0
98-909-9395,Cottage Cheese,Dairy,74-119-5491,Feedfire,67.0,98,92,5.0,4/22/2024,8/31/2024,12/7/2024,43 Heath Street,35,98,Backordered,335.0,157.5
61-796-6540,Ricotta Cheese,Dairy,40-002-8400,Fliptune,88.0,4,79,6.0,4/24/2024,6/2/2024,8/14/2024,126 Spohn Plaza,23,39,Discontinued,528.0,124.2
41-735-9837,Robusta Coffee,Beverages,35-462-7569,Devpulse,14.0,77,78,10.0,8/2/2024,8/28/2024,9/1/2024,2374 Chive Court,32,24,Discontinued,140.0,288.0
60-343-3288,Tilapia,Seafood,22-940-6543,Vipe,85.0,92,66,6.7,3/28/2024,1/1/2025,5/3/2024,6 Hanover Terrace,54,85,Backordered,569.5,325.62
27-783-5470,Feta Cheese,Dairy,45-997-6429,Thoughtstorm,74.0,65,5,7.0,1/30/2025,7/27/2024,3/16/2024,6 Tony Junction,21,42,Discontinued,518.0,132.3
60-456-8169,Cheddar Cheese,Dairy,54-529-4459,Oyoba,21.0,28,72,9.0,1/28/2025,2/28/2024,2/25/2024,710 Service Park,69,51,Backordered,189.0,558.9
99-420-3592,Butter Biscuit,Bakery,88-647-5082,Quatz,22.0,24,94,6.0,7/19/2024,7/21/2024,11/13/2024,206 Pine View Junction,47,71,Active,132.0,253.8
35-836-6718,Ricotta Cheese,Dairy,27-838-4345,Thoughtblab,91.0,14,99,6.0,2/10/2025,1/25/2025,1/22/2025,05 Canary Circle,50,5,Backordered,546.0,270.0
51-273-4240,Multigrain Bread,Bakery,32-506-0556,Devpulse,85.0,57,25,3.5,2/18/2025,9/26/2024,6/20/2024,7 Prairieview Place,30,42,Discontinued,297.5,94.5
38-924-3007,Peas,Fruits & Vegetables,83-936-5065,Photolist,12.0,28,11,3.0,5/18/2024,1/5/2025,4/17/2024,6 Anthes Court,46,88,Backordered,36.0,124.2
52-123-8039,Pomegranate,Fruits & Vegetables,24-087-5935,Browsebug,43.0,65,66,6.0,12/21/2024,9/3/2024,1/16/2025,7 Schiller Court,78,73,Backordered,258.0,421.2
34-131-8805,Yogurt,Dairy,84-472-8001,Eimbee,92.0,92,28,1.75,1/21/2025,9/10/2024,12/22/2024,44249 Sutteridge Crossing,50,67,Discontinued,161.0,78.75
28-505-8317,Watermelon,Fruits & Vegetables,61-755-4469,Digitube,23.0,85,94,3.0,10/12/2024,7/23/2024,1/28/2025,848 Old Gate Parkway,92,72,Backordered,69.0,248.4
41-594-5069,Egg (Duck),Dairy,45-471-5053,Blogtags,77.0,1,41,1.0,11/5/2024,2/5/2025,3/21/2024,9 Clemons Hill,58,55,Discontinued,77.0,52.2
94-658-4945,Sweet Potato,Fruits & Vegetables,09-153-0763,Skibox,65.0,10,81,2.0,8/27/2024,2/12/2025,5/8/2024,15 Veith Circle,71,61,Backordered,130.0,127.8
69-561-2496,Banana,Fruits & Vegetables,38-790-7081,Skinix,82.0,29,62,15.31,8/8/2024,3/18/2024,12/9/2024,154 Delladonna Hill,77,27,Backordered,1255.42,1060.9830000000002
98-858-6323,Swiss Cheese,Dairy,79-086-1717,Janyx,20.0,17,71,8.0,10/22/2024,1/7/2025,11/16/2024,80729 Homewood Plaza,50,65,Active,160.0,360.0
92-995-8689,Cheddar Cheese,Dairy,18-682-7828,Wordify,31.0,65,94,9.0,12/3/2024,10/17/2024,3/6/2024,1 Merchant Circle,63,7,Backordered,279.0,510.3
43-164-5984,Butter,Dairy,10-008-6747,Shuffletag,36.0,75,35,2.9,4/13/2024,6/17/2024,11/23/2024,70862 Lighthouse Bay Junction,26,41,Discontinued,104.39999999999999,67.86
58-122-2282,Black Tea,Beverages,55-773-9118,Ozu,59.0,20,17,5.0,12/6/2024,6/30/2024,6/12/2024,96 American Ash Center,45,15,Discontinued,295.0,202.5
84-269-9130,Long Grain Rice,Grains & Pulses,88-615-2915,Flashspan,11.0,10,80,1.5,6/5/2024,9/27/2024,8/2/2024,49263 Graceland Pass,48,65,Discontinued,16.5,64.8
11-922-3342,Black Coffee,Beverages,33-523-9077,Gabspot,24.0,77,32,15.5,3/18/2024,6/10/2024,3/4/2024,094 Carberry Lane,80,42,Discontinued,372.0,1116.0
60-550-4771,Haddock,Seafood,24-568-9517,Kwimbee,75.0,80,87,9.0,7/6/2024,10/3/2024,8/24/2024,1 Monica Lane,49,40,Backordered,675.0,396.90000000000003
88-951-9038,Black Coffee,Beverages,14-713-5795,Youfeed,11.0,72,5,15.0,7/8/2024,10/11/2024,2/11/2025,5 Anderson Trail,89,4,Active,165.0,1201.5
08-114-3922,Anchovies,Seafood,19-418-7213,Camido,60.0,64,36,10.0,9/2/2024,2/25/2024,2/15/2025,709 Vidon Avenue,34,48,Discontinued,600.0,306.0
70-145-2550,Lemon,Fruits & Vegetables,75-849-4524,Yata,91.0,6,37,2.4,5/1/2024,8/7/2024,8/6/2024,5141 Anniversary Crossing,38,70,Backordered,218.4,82.08
51-761-6320,Egg (Goose),Dairy,28-461-1136,Youopia,43.0,78,85,2.5,3/9/2024,8/30/2024,6/22/2024,587 Vermont Terrace,48,98,Backordered,107.5,108.0
55-803-3964,Bread Flour,Grains & Pulses,75-906-1086,Demizz,25.0,60,36,1.5,2/16/2025,8/26/2024,10/30/2024,149 Valley Edge Point,31,41,Backordered,37.5,41.85
11-815-7923,Parmesan Cheese,Dairy,98-304-8407,Rhyloo,96.0,9,57,11.8,1/26/2025,6/16/2024,8/6/2024,89 Springs Alley,78,67,Active,1132.8000000000002,828.3600000000001
83-966-3280,Mackerel,Seafood,50-305-3936,Twitterworks,30.0,29,70,7.5,6/22/2024,10/13/2024,9/20/2024,0743 4th Place,80,43,Backordered,225.0,540.0
29-592-7315,Arborio Rice,Grains & Pulses,61-867-3019,Dabtype,56.0,4,74,4.5,3/15/2024,7/4/2024,9/22/2024,21625 Schlimgen Park,61,73,Active,252.0,247.05
65-235-7676,Whole Wheat Bread,Bakery,22-083-3504,Quire,91.0,71,17,3.5,1/10/2025,8/1/2024,6/3/2024,31208 Westerfield Way,74,57,Active,318.5,233.1
40-683-0283,White Sugar,Grains & Pulses,27-060-9944,Topicshots,27.0,64,78,2.0,8/17/2024,5/4/2024,5/23/2024,322 Birchwood Center,57,4,Active,54.0,102.60000000000001
83-553-9523,Buttermilk,Dairy,89-976-4338,Zoombox,28.0,90,70,2.45,11/5/2024,2/14/2025,1/28/2025,84336 Haas Place,76,78,Active,68.60000000000001,167.58
40-793-7235,Sour Cream,Dairy,89-048-3542,Chatterbridge,92.0,67,51,4.0,4/5/2024,12/9/2024,5/19/2024,68086 Crowley Circle,23,78,Discontinued,368.0,82.8
74-666-5671,Tuna,Seafood,58-657-7257,Youspan,37.0,33,80,18.0,12/21/2024,5/10/2024,5/4/2024,11263 Kipling Hill,27,73,Backordered,666.0,437.40000000000003
90-865-9150,Powdered Sugar,Grains & Pulses,58-053-4926,Kazu,28.0,24,97,2.5,9/22/2024,5/12/2024,7/9/2024,00029 Fisk Point,82,5,Discontinued,70.0,184.5
46-255-3073,Tilapia,Seafood,68-230-9130,Vinder,30.0,42,8,7.0,5/2/2024,1/6/2025,7/11/2024,57 Eastwood Junction,48,23,Active,210.0,302.40000000000003
11-155-7826,Arabica Coffee,Beverages,91-788-3177,Feedfire,98.0,83,5,20.0,7/6/2024,1/31/2025,12/26/2024,321 Barby Parkway,39,79,Active,1960.0,702.0
99-543-5039,Lemon,Fruits & Vegetables,63-683-7396,Livetube,65.0,88,20,2.5,1/28/2025,11/20/2024,7/29/2024,71796 Waubesa Terrace,89,37,Backordered,162.5,200.25
99-033-5661,Rice Flour,Grains & Pulses,32-458-6452,Zava,42.0,3,21,2.0,9/19/2024,1/27/2025,9/25/2024,289 Longview Point,35,22,Active,84.0,63.0
28-608-0039,Lemon,Fruits & Vegetables,26-796-0872,Avavee,63.0,60,54,2.5,12/26/2024,5/21/2024,4/15/2024,31057 Roth Place,33,31,Backordered,157.5,74.25
35-529-2933,Broccoli,Fruits & Vegetables,57-591-6452,Jabbersphere,85.0,54,18,4.0,7/28/2024,10/23/2024,7/13/2024,2 School Drive,85,44,Discontinued,340.0,306.0
83-321-7887,Egg (Duck),Dairy,70-444-9176,Yombu,44.0,75,72,1.0,12/14/2024,11/29/2024,8/2/2024,35598 Fuller Terrace,96,38,Discontinued,44.0,86.4
43-910-2342,Plum,Fruits & Vegetables,06-569-4690,Feedspan,26.0,69,90,4.0,12/12/2024,6/8/2024,7/19/2024,46758 Hallows Center,47,35,Active,104.0,169.20000000000002
21-633-8696,Coconut Sugar,Grains & Pulses,89-468-2696,Topiclounge,49.0,59,73,5.0,4/18/2024,4/6/2024,5/26/2024,08492 Gateway Terrace,93,45,Discontinued,245.0,418.5
76-401-7083,Pomegranate,Fruits & Vegetables,29-156-0691,Meeveo,59.0,79,87,6.0,9/3/2024,10/3/2024,7/31/2024,31892 Pennsylvania Street,47,18,Active,354.0,253.8
92-551-8504,Raw Sugar,Grains & Pulses,22-836-5101,Livepath,19.0,81,33,1.5,6/29/2024,2/22/2025,12/24/2024,461 Bluejay Circle,39,85,Backordered,28.5,52.65
76-264-0748,Eggplant,Fruits & Vegetables,27-557-2375,Roombo,47.0,41,63,3.0,4/15/2024,6/1/2024,1/9/2025,55 Morning Terrace,39,54,Active,141.0,105.3
88-586-8797,Grapes,Fruits & Vegetables,02-530-5932,Edgewire,98.0,62,97,5.5,3/30/2024,8/25/2024,2/9/2025,9469 Bayside Plaza,59,19,Active,539.0,292.05
21-993-5632,Watermelon,Fruits & Vegetables,26-860-4618,Innotype,51.0,72,85,3.0,3/23/2024,4/14/2024,10/23/2024,16730 Luster Alley,23,17,Active,153.0,62.1
27-681-5588,Anchovies,Seafood,89-959-2254,Flipopia,100.0,99,8,10.0,2/19/2025,10/26/2024,12/7/2024,498 Delladonna Drive,54,92,Discontinued,1000.0,486.0
23-265-8144,Yogurt,Dairy,31-524-1628,Jaxnation,55.0,50,56,1.7,6/1/2024,11/9/2024,10/25/2024,14042 Dottie Avenue,62,26,Backordered,93.5,94.86
26-134-9069,Whipped Cream,Dairy,80-068-0825,Devcast,14.0,87,8,4.0,3/10/2024,11/11/2024,1/30/2025,4929 Westend Point,90,14,Active,56.0,324.0
76-623-7844,Egg (Quail),Dairy,84-498-3849,Vinte,29.0,33,88,0.8,7/19/2024,8/23/2024,5/15/2024,868 Swallow Point,50,35,Discontinued,23.200000000000003,36.0
88-977-0175,Chocolate Biscuit,Bakery,58-087-3463,Yodo,100.0,1,26,5.0,8/2/2024,3/21/2024,7/19/2024,7561 5th Terrace,47,79,Active,500.0,211.5
12-714-5135,Ricotta Cheese,Dairy,97-055-2756,Janyx,49.0,28,74,6.0,1/9/2025,1/14/2025,4/25/2024,2003 Delladonna Pass,70,38,Discontinued,294.0,378.0
43-153-8268,Vegetable Oil,Oils & Fats,19-809-5654,Abata,75.0,61,19,2.0,2/23/2025,1/29/2025,10/2/2024,29815 Bonner Trail,79,69,Backordered,150.0,142.20000000000002
95-130-9020,Heavy Cream,Dairy,75-985-6744,Youbridge,82.0,12,94,4.1,2/28/2024,6/20/2024,1/21/2025,2 Canary Street,69,93,Active,336.2,254.60999999999999
82-678-8097,Cottage Cheese,Dairy,65-403-0311,Feedmix,68.0,82,58,4.8,4/8/2024,8/24/2024,4/5/2024,6172 Hovde Circle,90,2,Backordered,326.4,388.8
21-693-8216,Corn Oil,Oils & Fats,62-599-8388,Twinte,70.0,96,85,2.5,2/26/2024,9/3/2024,10/27/2024,32468 Utah Pass,34,3,Active,175.0,76.5
56-831-6199,Salmon,Seafood,99-680-2351,Innojam,49.0,48,62,15.0,9/16/2024,2/25/2024,8/14/2024,1247 Hoard Hill,96,37,Active,735.0,1296.0
81-268-5905,Mackerel,Seafood,36-138-9045,Kazio,89.0,26,36,7.5,10/24/2024,7/30/2024,6/14/2024,85953 Clyde Gallagher Drive,48,94,Active,667.5,324.0
41-237-5498,Cheese,Dairy,38-643-1626,Omba,88.0,53,44,9.0,1/4/2025,12/24/2024,2/6/2025,29817 Coleman Drive,56,14,Discontinued,792.0,453.6
32-987-5559,Green Tea,Beverages,01-665-0053,Zoovu,39.0,88,100,8.0,11/25/2024,1/30/2025,5/15/2024,7 Hallows Alley,28,18,Backordered,312.0,201.6
71-436-5841,Cauliflower,Fruits & Vegetables,87-546-9674,Dynabox,87.0,91,94,2.5,7/4/2024,9/25/2024,6/25/2024,52 Victoria Plaza,47,4,Discontinued,217.5,105.75
63-890-1246,Oatmeal Biscuit,Bakery,29-273-1595,Vidoo,93.0,50,43,5.0,6/27/2024,5/16/2024,10/9/2024,3 Melrose Trail,76,35,Discontinued,465.0,342.0
65-368-2479,Egg (Turkey),Dairy,99-570-8162,Browsedrive,23.0,21,59,2.4,8/15/2024,3/10/2024,10/7/2024,231 Merry Pass,81,8,Active,55.199999999999996,174.96
74-562-7431,Vanilla Biscuit,Bakery,66-174-9633,Linkbridge,94.0,34,21,5.5,3/18/2024,3/20/2024,11/1/2024,79 Ronald Regan Avenue,74,70,Backordered,517.0,366.3
51-583-6029,Digestive Biscuit,Bakery,78-024-3286,Kanoodle,38.0,43,91,4.0,4/20/2024,8/18/2024,2/18/2025,83894 Delaware Plaza,72,64,Active,152.0,259.2
06-996-3221,Evaporated Milk,Dairy,97-821-7402,Buzzshare,11.0,9,65,2.0,10/13/2024,12/4/2024,6/10/2024,579 Schlimgen Alley,48,96,Discontinued,22.0,86.4
96-334-2593,White Tea,Beverages,64-831-3071,Rhycero,60.0,27,58,25.3,12/26/2024,6/27/2024,11/19/2024,9559 Muir Trail,43,91,Active,1518.0,979.1100000000001
58-219-0241,Avocado Oil,Oils & Fats,42-523-1857,Twitterwire,50.0,36,81,10.0,9/26/2024,5/12/2024,6/4/2024,938 Garrison Court,27,6,Discontinued,500.0,243.0
87-272-6544,Egg (Goose),Dairy,93-699-8001,Skalith,90.0,3,49,2.5,5/6/2024,5/3/2024,2/13/2025,4 Nelson Alley,51,87,Discontinued,225.0,114.75
95-357-2870,Arborio Rice,Grains & Pulses,75-365-7696,Talane,86.0,80,80,4.5,3/18/2024,5/13/2024,5/20/2024,87 Corben Street,22,67,Discontinued,387.0,89.10000000000001
88-401-3700,Cauliflower,Fruits & Vegetables,39-299-6093,Jabberstorm,86.0,66,24,2.5,7/29/2024,2/4/2025,1/20/2025,39014 Randy Court,30,6,Discontinued,215.0,67.5
72-404-5581,Almond Flour,Grains & Pulses,18-065-8014,Pixonyx,54.0,17,90,9.5,1/23/2025,8/7/2024,2/8/2025,879 Amoth Terrace,60,20,Active,513.0,513.0
11-766-8738,Watermelon,Fruits & Vegetables,96-393-1428,Jabbersphere,27.0,64,43,3.0,11/14/2024,11/30/2024,3/22/2024,20 Nelson Way,70,58,Discontinued,81.0,189.0
15-796-3130,Rye Bread,Bakery,45-912-2948,Kwilith,50.0,58,78,3.0,10/14/2024,4/17/2024,5/29/2024,85 Lunder Court,83,49,Active,150.0,224.1
73-751-4393,Onion,Fruits & Vegetables,14-486-5626,Skyndu,68.0,10,29,2.0,10/31/2024,6/7/2024,3/23/2024,03 Roth Court,37,11,Discontinued,136.0,66.60000000000001
62-100-2245,Sourdough Bread,Bakery,18-110-8314,Meevee,22.0,60,73,4.2,7/9/2024,11/8/2024,7/12/2024,56830 Fremont Road,62,3,Backordered,92.4,234.36000000000004
08-961-3009,Cheese,Dairy,41-825-5869,Eimbee,50.0,14,6,9.2,6/2/2024,12/19/2024,9/8/2024,01 Gateway Plaza,60,72,Backordered,459.99999999999994,496.8
33-440-2588,Bell Pepper,Fruits & Vegetables,68-596-5506,Tagpad,26.0,12,43,4.4,1/17/2025,9/16/2024,2/24/2025,4 6th Plaza,73,20,Backordered,114.4,289.08000000000004
24-009-1208,White Tea,Beverages,96-405-4286,Aivee,62.0,31,24,25.0,4/30/2024,6/10/2024,2/6/2025,99 Duke Lane,89,100,Backordered,1550.0,2002.5
71-300-2191,Broccoli,Fruits & Vegetables,98-677-4279,Yamia,79.0,72,6,4.0,7/11/2024,5/6/2024,5/1/2024,7 Heffernan Drive,67,63,Active,316.0,241.20000000000002
74-430-8245,Peach,Fruits & Vegetables,51-213-5660,Ainyx,73.0,90,77,4.0,2/26/2024,8/15/2024,3/6/2024,7 Roxbury Circle,75,19,Backordered,292.0,270.0
68-636-4774,Carrot,Fruits & Vegetables,40-436-0171,Gevee,18.0,50,77,1.45,11/3/2024,8/30/2024,2/19/2025,7744 Oxford Pass,44,19,Active,26.099999999999998,57.42
38-655-2312,Kale,Fruits & Vegetables,91-127-7174,Dabshots,79.0,74,87,4.0,8/7/2024,4/9/2024,10/18/2024,17 Reinke Circle,80,26,Backordered,316.0,288.0
16-632-1308,Arabica Coffee,Beverages,45-903-0036,Voonyx,23.0,13,15,20.0,3/27/2024,5/21/2024,11/21/2024,60094 Goodland Junction,31,28,Backordered,460.0,558.0
37-606-0510,Milk,Dairy,09-489-6314,Jabbercube,18.0,64,86,1.0,9/13/2024,6/9/2024,11/9/2024,53 Homewood Alley,73,38,Active,18.0,65.7
36-296-9609,Sunflower Oil,Oils & Fats,46-041-1131,Photofeed,24.0,35,14,2.5,5/4/2024,6/24/2024,12/1/2024,7 Rutledge Pass,91,71,Backordered,60.0,204.75
22-329-7791,Watermelon,Fruits & Vegetables,72-013-2438,Eidel,53.0,41,30,3.0,3/16/2024,1/13/2025,9/19/2024,50687 Porter Park,24,77,Discontinued,159.0,64.8
56-894-3733,Yogurt,Dairy,57-133-8386,Skinte,85.0,83,13,1.75,4/5/2024,3/17/2024,2/2/2025,897 Independence Circle,49,75,Backordered,148.75,77.175
06-858-5680,Sesame Oil,Oils & Fats,63-231-2829,Miboo,15.0,34,57,6.5,8/22/2024,1/12/2025,1/16/2025,49476 Tony Hill,49,96,Discontinued,97.5,286.65000000000003
71-954-4501,Anchovies,Seafood,26-135-6134,Quatz,66.0,49,41,10.0,6/27/2024,10/8/2024,7/26/2024,290 Rusk Avenue,27,37,Discontinued,660.0,243.0
12-046-2988,Corn Oil,Oils & Fats,37-630-2250,Youbridge,17.0,63,66,2.5,1/25/2025,1/24/2025,11/21/2024,931 Browning Center,23,46,Backordered,42.5,51.75
95-356-1566,Grapes,Fruits & Vegetables,57-204-2098,Rhynyx,13.0,61,77,5.5,7/22/2024,2/21/2025,1/29/2025,622 Buena Vista Trail,42,18,Backordered,71.5,207.9
34-291-4939,Digestive Biscuit,Bakery,39-284-1614,Eimbee,34.0,49,27,4.0,3/9/2024,11/24/2024,2/13/2025,983 Sommers Circle,78,20,Discontinued,136.0,280.8
35-621-2546,Swiss Cheese,Dairy,14-190-2260,Skiptube,85.0,89,41,8.0,4/22/2024,4/7/2024,2/15/2025,3 Fairfield Center,68,93,Discontinued,680.0,489.6
21-013-3508,Cabbage,Fruits & Vegetables,64-489-8494,Meevee,12.0,95,49,1.0,6/9/2024,6/13/2024,11/10/2024,84305 Fair Oaks Plaza,25,23,Backordered,12.0,22.5
38-049-9319,Oatmeal Biscuit,Bakery,90-447-5123,Trunyx,82.0,6,53,5.0,11/7/2024,4/29/2024,5/9/2024,6 Lillian Junction,21,58,Active,410.0,94.5
94-697-2396,Sourdough Bread,Bakery,34-161-7429,Zoomlounge,71.0,97,44,4.0,11/27/2024,2/26/2024,7/7/2024,44 Thompson Terrace,58,14,Discontinued,284.0,208.8
33-807-7247,Mozzarella Cheese,Dairy,94-453-3755,Blogspan,58.0,17,26,7.0,6/23/2024,7/7/2024,1/3/2025,63464 Jana Court,62,89,Backordered,406.0,390.6
62-816-8794,Rice Flour,Grains & Pulses,56-110-5754,Photobug,15.0,76,81,2.0,11/16/2024,6/17/2024,2/6/2025,04 Blaine Lane,90,26,Backordered,30.0,162.0
33-507-9886,Pineapple,Fruits & Vegetables,11-445-3951,Quinu,68.0,25,16,3.5,4/4/2024,8/19/2024,6/27/2024,0584 Lindbergh Alley,25,83,Active,238.0,78.75
40-003-7322,White Sugar,Grains & Pulses,41-644-3129,Wordtune,13.0,32,79,2.0,5/7/2024,2/16/2025,10/11/2024,2693 6th Court,38,61,Discontinued,26.0,68.4
95-090-2788,Sesame Oil,Oils & Fats,95-715-6047,Dabtype,45.0,7,58,6.5,9/2/2024,4/5/2024,8/26/2024,0313 Rockefeller Street,86,77,Discontinued,292.5,503.1
06-503-5891,Egg (Goose),Dairy,19-098-2529,Babblestorm,40.0,22,74,2.45,3/22/2024,9/23/2024,3/16/2024,49646 Derek Lane,76,70,Backordered,98.0,167.58
38-555-9147,Black Coffee,Beverages,35-370-7603,Aimbu,62.0,23,25,15.5,7/23/2024,4/29/2024,3/8/2024,0 Oneill Hill,34,68,Discontinued,961.0,474.3
64-854-8664,Peanut Oil,Oils & Fats,19-893-7698,Pixoboo,79.0,3,36,4.0,8/16/2024,1/25/2025,8/30/2024,76 Independence Drive,46,29,Discontinued,316.0,165.6
50-942-2409,Peas,Fruits & Vegetables,69-472-4067,Meedoo,75.0,91,68,3.0,10/31/2024,4/23/2024,12/10/2024,7182 Summit Court,96,73,Backordered,225.0,259.2
17-493-4579,Almond Flour,Grains & Pulses,67-541-7091,Trudoo,76.0,8,2,9.5,10/4/2024,11/8/2024,5/28/2024,4627 Amoth Circle,24,53,Active,722.0,205.20000000000002
10-854-5467,Canola Oil,Oils & Fats,40-443-3362,Realcube,96.0,51,40,2.3,3/16/2024,5/4/2024,11/26/2024,3 Oakridge Parkway,61,4,Discontinued,220.79999999999998,126.26999999999998
11-604-6002,Canola Oil,Oils & Fats,50-862-4552,Kimia,69.0,17,27,2.3,1/14/2025,6/18/2024,5/29/2024,17640 Cottonwood Place,79,75,Backordered,158.7,163.53
44-305-1866,Butter,Dairy,25-190-3172,Jayo,48.0,71,86,3.0,4/29/2024,7/2/2024,8/29/2024,51205 Rieder Junction,95,3,Discontinued,144.0,256.5
49-730-0159,Cream,Dairy,62-766-8232,Riffpedia,82.0,3,82,2.4,10/3/2024,12/10/2024,8/26/2024,09189 2nd Drive,48,31,Active,196.79999999999998,103.67999999999999
70-534-7796,Zucchini,Fruits & Vegetables,62-044-8874,Babblestorm,43.0,21,31,2.5,2/19/2025,6/25/2024,1/17/2025,76106 Anthes Junction,22,25,Backordered,107.5,49.5
95-738-4658,Green Coffee,Beverages,67-404-3362,Skyndu,90.0,68,74,12.0,4/2/2024,11/26/2024,10/30/2024,35 Golf Course Alley,81,26,Backordered,1080.0,874.8000000000001
20-405-4865,Milk,Dairy,16-019-7101,Centimia,13.0,39,98,0.9,6/2/2024,11/5/2024,9/18/2024,36483 Burning Wood Pass,46,46,Backordered,11.700000000000001,37.26
79-428-8753,Cabbage,Fruits & Vegetables,29-521-7910,Skivee,62.0,79,95,1.0,5/16/2024,7/6/2024,12/30/2024,9 Holmberg Circle,34,12,Active,62.0,30.6
10-626-8536,Coconut Sugar,Grains & Pulses,23-274-3305,Lazz,17.0,85,74,5.0,5/1/2024,1/29/2025,3/30/2024,38583 2nd Pass,76,89,Active,85.0,342.0
27-216-9671,Sesame Oil,Oils & Fats,40-773-7065,Skilith,100.0,86,94,6.5,8/11/2024,4/12/2024,6/4/2024,4 Browning Terrace,77,57,Active,650.0,450.45
14-489-8669,All-Purpose Flour,Grains & Pulses,28-436-5158,Wikibox,54.0,69,68,1.75,7/24/2024,11/5/2024,5/13/2024,21629 Burrows Pass,77,56,Discontinued,94.5,121.275
46-632-8420,Whipped Cream,Dairy,27-996-8883,Skippad,98.0,24,4,4.1,3/8/2024,12/21/2024,5/23/2024,9 Meadow Ridge Center,89,80,Active,401.79999999999995,328.40999999999997
39-192-3521,Herbal Tea,Beverages,74-062-7176,Dynazzy,20.0,9,12,30.5,6/26/2024,2/22/2025,3/16/2024,428 Oriole Avenue,46,32,Discontinued,610.0,1262.7
94-528-8088,Haddock,Seafood,68-885-5553,Zoovu,43.0,7,63,9.0,9/26/2024,7/24/2024,3/8/2024,21379 Stoughton Junction,66,71,Active,387.0,534.6
74-305-1263,Green Coffee,Beverages,83-076-5024,Photobean,29.0,91,48,12.0,10/5/2024,7/10/2024,8/16/2024,744 Lakewood Gardens Crossing,28,40,Active,348.0,302.40000000000003
53-151-5726,Grapes,Fruits & Vegetables,93-180-4005,Flipopia,37.0,45,62,5.5,12/8/2024,1/12/2025,4/20/2024,84239 Meadow Vale Trail,34,23,Backordered,203.5,168.3
02-085-7218,Cheddar Cheese,Dairy,41-978-3326,Oyonder,85.0,28,32,8.9,1/17/2025,6/25/2024,1/28/2025,2835 Schlimgen Parkway,57,41,Backordered,756.5,456.57
77-777-4536,Basmati Rice,Grains & Pulses,64-396-5538,Skidoo,26.0,67,46,4.4,12/8/2024,9/12/2024,4/4/2024,4784 Farmco Alley,54,46,Backordered,114.4,213.84000000000003
86-482-6451,White Tea,Beverages,56-965-0404,Brightbean,91.0,78,61,25.0,5/5/2024,10/27/2024,8/10/2024,5501 Fuller Way,63,15,Backordered,2275.0,1417.5
36-127-4273,Ricotta Cheese,Dairy,05-719-6858,Skimia,50.0,46,38,6.2,10/1/2024,7/3/2024,7/31/2024,10342 Division Place,88,70,Active,310.0,491.04
03-061-1344,Trout,Seafood,85-211-5357,Izio,98.0,65,76,12.0,9/27/2024,7/19/2024,6/27/2024,96420 Briar Crest Lane,62,47,Active,1176.0,669.6
97-300-7511,Egg (Duck),Dairy,47-687-2255,Katz,37.0,53,61,1.0,4/3/2024,7/17/2024,3/21/2024,45190 Fordem Court,90,89,Backordered,37.0,81.0
83-108-1174,White Bread,Bakery,56-439-3559,Devpoint,78.0,68,68,2.5,9/12/2024,3/5/2024,12/25/2024,3 Monument Street,89,24,Backordered,195.0,200.25
38-664-2155,Cauliflower,Fruits & Vegetables,10-540-5841,Realpoint,48.0,27,73,2.55,1/13/2025,4/12/2024,5/30/2024,843 Pepper Wood Hill,52,97,Discontinued,122.39999999999999,119.34
80-459-5950,Arabica Coffee,Beverages,04-866-2231,Rhyzio,74.0,10,74,20.0,7/27/2024,10/2/2024,3/20/2024,5 Killdeer Trail,100,66,Backordered,1480.0,1800.0
93-015-0811,Pineapple,Fruits & Vegetables,07-055-5188,Gigashots,18.0,7,58,3.5,11/26/2024,8/5/2024,6/26/2024,1 Pleasure Hill,88,96,Discontinued,63.0,277.2
02-888-9412,Cauliflower,Fruits & Vegetables,22-307-4653,Photobug,95.0,66,69,2.48,6/8/2024,3/28/2024,2/4/2025,880 Calypso Road,92,72,Backordered,235.6,205.344
10-218-2680,Egg (Turkey),Dairy,72-024-1595,Quinu,39.0,93,57,2.5,6/4/2024,5/28/2024,1/3/2025,6810 Aberg Junction,26,44,Backordered,97.5,58.5
30-964-2694,Peas,Fruits & Vegetables,42-976-2737,Edgeclub,48.0,72,55,3.0,9/18/2024,5/12/2024,6/30/2024,39 Dovetail Terrace,51,41,Active,144.0,137.70000000000002
15-144-9413,Strawberries,Fruits & Vegetables,08-912-0895,Meevee,58.0,15,87,5.9,7/10/2024,6/30/2024,7/29/2024,3 Buhler Place,52,81,Backordered,342.20000000000005,276.12
17-253-5688,Greek Yogurt,Dairy,42-638-2086,Shufflester,39.0,55,39,3.0,8/15/2024,7/7/2024,6/20/2024,7 Hooker Way,47,59,Backordered,117.0,126.9
31-608-1445,Papaya,Fruits & Vegetables,75-286-4153,Ntag,84.0,28,29,4.4,2/9/2025,2/15/2025,12/14/2024,227 Tennyson Plaza,54,32,Discontinued,369.6,213.84000000000003
51-934-9117,Sardines,Seafood,34-389-9922,Linklinks,30.0,55,4,6.0,8/25/2024,7/28/2024,1/31/2025,05944 Scott Parkway,56,31,Active,180.0,302.40000000000003
72-810-9753,Sesame Oil,Oils & Fats,17-359-2527,Yotz,14.0,84,15,6.5,1/28/2025,2/7/2025,12/12/2024,545 Farwell Lane,51,73,Active,91.0,298.35
53-146-9979,Powdered Sugar,Grains & Pulses,44-388-2451,Skidoo,21.0,15,27,2.5,2/5/2025,10/11/2024,8/8/2024,42 Mandrake Alley,37,41,Active,52.5,83.25
46-622-3434,Jasmine Rice,Grains & Pulses,85-473-1534,Topdrive,17.0,19,74,4.75,10/4/2024,12/8/2024,7/23/2024,2 Miller Lane,58,27,Discontinued,80.75,247.95000000000002
47-843-8207,Cauliflower,Fruits & Vegetables,55-838-9088,Cogilith,34.0,92,26,2.5,9/1/2024,4/10/2024,12/27/2024,01 Northfield Road,28,71,Active,85.0,63.0
29-135-0791,Jasmine Rice,Grains & Pulses,05-050-4384,Babblestorm,56.0,48,82,4.75,10/18/2024,12/21/2024,1/11/2025,97 Utah Lane,71,65,Backordered,266.0,303.52500000000003
45-194-4094,Plum,Fruits & Vegetables,65-611-4749,Devcast,64.0,71,69,3.9,10/10/2024,6/14/2024,10/10/2024,2 Scofield Street,60,67,Active,249.6,210.6
09-712-3630,Grapes,Fruits & Vegetables,17-807-6972,Aibox,87.0,62,2,5.5,7/9/2024,3/25/2024,9/30/2024,10 Golf Course Hill,22,38,Backordered,478.5,108.9
56-213-0577,Papaya,Fruits & Vegetables,72-306-8602,Kwinu,24.0,25,52,4.5,5/25/2024,5/23/2024,9/17/2024,851 Hollow Ridge Center,24,77,Backordered,108.0,97.2
78-956-4737,Sushi Rice,Grains & Pulses,76-712-0418,Photobug,47.0,1,60,4.2,1/29/2025,5/19/2024,4/18/2024,9 Burrows Junction,32,87,Discontinued,197.4,120.96000000000001
29-436-6570,Digestive Biscuit,Bakery,12-140-7809,Quatz,61.0,8,45,4.0,6/20/2024,9/27/2024,9/17/2024,30590 Bowman Alley,73,64,Discontinued,244.0,262.8
04-038-1547,Rye Bread,Bakery,61-912-9541,Realblab,48.0,2,16,2.8,3/26/2024,11/24/2024,6/8/2024,76 Shelley Pass,27,1,Discontinued,134.39999999999998,68.03999999999999
76-476-9996,Chocolate Biscuit,Bakery,88-428-6227,Photobean,37.0,96,82,5.0,10/6/2024,1/14/2025,12/6/2024,0 Larry Terrace,35,23,Backordered,185.0,157.5
43-469-7551,Arabica Coffee,Beverages,64-361-4238,Rhycero,45.0,36,97,20.0,12/27/2024,5/26/2024,1/25/2025,760 Butternut Plaza,36,6,Active,900.0,648.0
15-169-8058,Bread Flour,Grains & Pulses,14-009-8505,Feedfire,87.0,97,28,1.5,6/12/2024,9/23/2024,4/18/2024,26160 Independence Alley,58,21,Active,130.5,78.3
37-567-3218,Almond Flour,Grains & Pulses,03-257-4437,Trilia,37.0,47,34,9.5,7/30/2024,10/31/2024,7/20/2024,153 Caliangt Plaza,38,89,Backordered,351.5,324.90000000000003
92-455-2959,Robusta Coffee,Beverages,13-109-8639,Katz,59.0,62,57,10.3,9/11/2024,7/16/2024,2/25/2024,0 Ohio Hill,90,94,Backordered,607.7,834.3000000000001
75-672-4378,Pomegranate,Fruits & Vegetables,20-103-9525,Eare,62.0,40,86,6.0,7/15/2024,11/16/2024,6/5/2024,4 Esch Point,45,86,Backordered,372.0,243.0
66-806-6051,Yogurt,Dairy,19-875-5642,Devpulse,63.0,12,82,1.7,9/23/2024,7/1/2024,5/23/2024,8 Kensington Place,56,31,Backordered,107.1,85.68
65-527-9488,Grapes,Fruits & Vegetables,23-482-0516,Layo,38.0,72,39,5.5,7/10/2024,6/24/2024,10/10/2024,23704 Algoma Park,59,8,Active,209.0,292.05
36-840-2728,Mackerel,Seafood,26-454-7297,Dabfeed,76.0,21,3,7.5,1/21/2025,8/10/2024,3/14/2024,08545 Lillian Street,31,47,Discontinued,570.0,209.25
07-389-5740,Egg (Quail),Dairy,72-784-3292,Skimia,34.0,94,69,0.8,1/3/2025,3/12/2024,7/17/2024,59 Veith Center,96,30,Backordered,27.200000000000003,69.12000000000002
13-144-2169,Eggplant,Fruits & Vegetables,11-742-5033,Blogpad,25.0,62,11,3.0,10/1/2024,12/1/2024,9/7/2024,52 Namekagon Junction,57,98,Backordered,75.0,153.9
13-798-3397,Egg (Turkey),Dairy,89-992-6472,Twimm,86.0,16,37,2.5,3/27/2024,5/9/2024,12/20/2024,93321 Kennedy Point,34,66,Active,215.0,76.5
85-806-0613,Oatmeal Biscuit,Bakery,06-286-2758,Kwimbee,41.0,21,47,5.0,3/7/2024,1/1/2025,4/26/2024,9269 Main Trail,50,99,Active,205.0,225.0
67-248-6306,Cauliflower,Fruits & Vegetables,86-173-6891,Avamm,77.0,54,10,2.5,7/27/2024,10/2/2024,12/22/2024,05 Bartelt Street,64,73,Active,192.5,144.0
47-866-6589,Egg (Duck),Dairy,78-203-1075,Dynazzy,41.0,61,69,1.0,7/26/2024,2/3/2025,7/27/2024,30880 Barnett Junction,30,100,Discontinued,41.0,27.0
91-127-7489,Orange,Fruits & Vegetables,86-079-1525,Oyondu,44.0,8,52,2.95,5/11/2024,12/10/2024,8/4/2024,43211 Anzinger Drive,42,66,Active,129.8,111.51
90-343-9640,Avocado Oil,Oils & Fats,54-919-9424,Dabtype,53.0,89,100,10.0,7/1/2024,4/6/2024,10/6/2024,3622 Anhalt Lane,22,83,Backordered,530.0,198.0
01-018-6418,Chocolate Biscuit,Bakery,78-888-6073,Chatterbridge,68.0,29,100,5.0,11/13/2024,9/27/2024,7/16/2024,481 Mifflin Hill,70,26,Backordered,340.0,315.0
80-375-9075,Swiss Cheese,Dairy,86-487-3354,Centidel,96.0,34,57,8.0,11/23/2024,10/20/2024,6/19/2024,3831 Goodland Road,71,17,Discontinued,768.0,511.2
80-227-6886,Garlic,Fruits & Vegetables,91-632-7343,Layo,33.0,4,31,7.0,3/13/2024,1/12/2025,6/14/2024,4374 Corry Terrace,46,92,Active,231.0,289.8
15-562-3712,Cauliflower,Fruits & Vegetables,53-243-7800,Yakitri,33.0,89,15,2.5,8/27/2024,6/20/2024,10/28/2024,1 Hudson Hill,90,52,Discontinued,82.5,202.5
10-137-9759,Watermelon,Fruits & Vegetables,23-688-6256,Trupe,90.0,17,17,3.0,3/31/2024,9/3/2024,3/10/2024,402 Kings Road,82,84,Backordered,270.0,221.4
69-171-1305,Brown Rice,Grains & Pulses,33-733-7313,Livetube,31.0,29,57,2.5,10/26/2024,6/18/2024,10/11/2024,9951 Petterle Alley,25,22,Active,77.5,56.25
83-117-7658,Asparagus,Fruits & Vegetables,61-424-7670,Yabox,92.0,3,81,5.0,4/5/2024,2/25/2024,12/19/2024,0282 Emmet Hill,62,20,Backordered,460.0,279.0
74-642-2435,Cauliflower,Fruits & Vegetables,52-012-3409,Skinix,66.0,31,18,2.5,4/6/2024,12/28/2024,4/8/2024,6292 Chive Street,85,39,Backordered,165.0,191.25
10-445-0741,Anchovies,Seafood,82-470-7146,Mybuzz,83.0,17,39,10.0,6/3/2024,7/11/2024,3/31/2024,31 Loomis Park,33,20,Active,830.0,297.0
80-658-6456,Mango,Fruits & Vegetables,42-080-6579,Wordtune,84.0,9,46,5.0,6/8/2024,5/19/2024,12/10/2024,44051 Old Shore Junction,30,68,Backordered,420.0,135.0
81-354-4203,Haddock,Seafood,15-466-5131,Yabox,76.0,57,78,9.0,6/18/2024,6/27/2024,4/28/2024,12 Luster Terrace,52,86,Discontinued,684.0,421.2
08-573-9997,Pomegranate,Fruits & Vegetables,95-734-4024,Meevee,26.0,1,9,6.0,2/10/2025,4/5/2024,12/2/2024,03 Little Fleur Pass,82,8,Backordered,156.0,442.8
74-610-2295,Green Coffee,Beverages,22-959-6357,Lajo,61.0,31,100,12.5,12/30/2024,3/16/2024,9/26/2024,87 Bluestem Parkway,95,61,Active,762.5,1068.75
76-070-1411,Evaporated Milk,Dairy,63-528-0643,Realcube,15.0,75,78,1.9,2/1/2025,2/12/2025,2/14/2025,87578 Stoughton Parkway,71,21,Discontinued,28.5,121.41000000000001
61-582-7399,Apricot,Fruits & Vegetables,15-062-6342,Topiczoom,73.0,83,74,5.0,3/29/2024,2/5/2025,7/22/2024,8 Hanover Center,87,10,Discontinued,365.0,391.5
42-674-3917,Whole Wheat Flour,Grains & Pulses,26-080-4944,Pixonyx,41.0,76,47,2.65,9/15/2024,4/20/2024,6/6/2024,78 Forest Dale Road,50,50,Backordered,108.64999999999999,119.25
05-899-1428,Avocado Oil,Oils & Fats,17-494-5505,Dabjam,14.0,75,10,10.0,10/4/2024,1/25/2025,7/1/2024,591 Maple Junction,65,62,Active,140.0,585.0
74-548-9313,Mango,Fruits & Vegetables,69-832-7009,Meevee,99.0,59,12,5.0,6/24/2024,9/20/2024,2/12/2025,1 Judy Street,52,57,Backordered,495.0,234.0
20-448-2972,Asparagus,Fruits & Vegetables,26-920-6626,Buzzbean,80.0,6,92,5.0,1/14/2025,1/20/2025,9/16/2024,49770 Hoffman Court,26,71,Discontinued,400.0,117.0
63-162-9244,Eggplant,Fruits & Vegetables,58-945-2944,Vimbo,49.0,89,65,3.0,5/24/2024,8/11/2024,5/17/2024,04 Rockefeller Terrace,37,48,Active,147.0,99.9
91-417-0366,Grapes,Fruits & Vegetables,28-442-2578,Riffwire,25.0,74,100,5.5,6/7/2024,12/7/2024,12/4/2024,1 Elmside Parkway,41,59,Discontinued,137.5,202.95000000000002
60-311-5701,Sesame Oil,Oils & Fats,07-578-7055,Shuffledrive,39.0,78,97,6.5,10/29/2024,10/19/2024,7/17/2024,9 Meadow Vale Drive,54,89,Backordered,253.5,315.90000000000003
36-899-5324,Orange,Fruits & Vegetables,02-656-3112,Flashdog,94.0,58,17,2.9,8/1/2024,7/5/2024,12/19/2024,3 Bashford Court,57,74,Backordered,272.59999999999997,148.76999999999998
22-266-9291,Sardines,Seafood,15-550-0171,Vinder,11.0,17,59,6.0,7/20/2024,3/27/2024,4/8/2024,111 David Hill,69,100,Backordered,66.0,372.6
76-584-4790,Peanut Oil,Oils & Fats,58-213-1146,Twitterwire,21.0,52,80,4.0,6/3/2024,11/4/2024,1/1/2025,1170 Shasta Circle,49,37,Backordered,84.0,176.4
82-948-2298,Kiwi,Fruits & Vegetables,53-749-6148,Topdrive,38.0,91,94,5.7,7/12/2024,2/17/2025,11/21/2024,555 Butternut Hill,53,87,Discontinued,216.6,271.89000000000004
97-283-4840,Palm Oil,Oils & Fats,64-604-1679,Browsetype,58.0,23,66,1.8,4/29/2024,5/12/2024,2/24/2025,7232 Ridgeway Center,82,61,Backordered,104.4,132.84
17-395-1121,Plum,Fruits & Vegetables,67-252-3923,Lajo,85.0,16,74,3.85,11/18/2024,10/8/2024,12/3/2024,8 Oriole Terrace,58,36,Backordered,327.25,200.97000000000003
74-132-5528,Cauliflower,Fruits & Vegetables,41-713-1053,Vinder,63.0,62,98,2.5,5/30/2024,3/21/2024,1/22/2025,611 Fieldstone Drive,62,45,Backordered,157.5,139.5
52-029-2382,Coconut Oil,Oils & Fats,16-474-4516,Brightdog,54.0,86,69,5.0,11/26/2024,8/15/2024,4/8/2024,08896 Evergreen Avenue,29,8,Discontinued,270.0,130.5
11-053-0107,Cherry,Fruits & Vegetables,07-410-2867,Rooxo,30.0,25,11,8.0,12/25/2024,7/12/2024,6/28/2024,734 Thackeray Avenue,42,76,Active,240.0,302.40000000000003
99-194-5600,Cauliflower,Fruits & Vegetables,70-064-6828,Tanoodle,57.0,25,98,2.5,6/14/2024,2/25/2024,5/14/2024,973 Spaight Place,78,37,Active,142.5,175.5
48-289-0604,Vegetable Oil,Oils & Fats,94-261-1193,Browseblab,18.0,72,71,2.0,5/5/2024,8/12/2024,6/20/2024,5 Colorado Park,25,81,Active,36.0,45.0
73-010-8323,Tuna,Seafood,80-622-6587,Tagcat,16.0,34,89,18.0,12/26/2024,2/27/2024,4/29/2024,811 Dapin Center,35,52,Backordered,288.0,567.0
06-068-6793,Buttermilk,Dairy,94-958-6101,Twitterbeat,39.0,80,68,2.5,7/20/2024,8/6/2024,8/15/2024,25 Nancy Place,46,54,Discontinued,97.5,103.5
56-054-8664,Lemon,Fruits & Vegetables,53-247-1844,Centimia,59.0,82,69,2.45,5/4/2024,3/25/2024,3/3/2024,01 Straubel Hill,30,34,Discontinued,144.55,66.15
36-330-5036,Salmon,Seafood,52-359-1255,Mycat,79.0,28,4,15.0,2/1/2025,9/20/2024,5/17/2024,21 Golden Leaf Hill,42,46,Active,1185.0,567.0
65-674-6076,Egg (Quail),Dairy,16-933-3355,Ntags,78.0,61,6,0.8,5/27/2024,10/6/2024,12/18/2024,9738 Old Shore Trail,49,60,Active,62.400000000000006,35.28
87-013-6488,Sushi Rice,Grains & Pulses,77-471-0792,Tekfly,22.0,10,53,4.25,8/8/2024,10/26/2024,4/14/2024,07855 Goodland Lane,64,7,Active,93.5,244.8
95-449-1286,Egg (Chicken),Dairy,18-260-7354,Realfire,10.0,17,70,0.2,12/29/2024,12/23/2024,9/8/2024,1 Jackson Pass,100,63,Backordered,2.0,18.0
95-640-0293,Arborio Rice,Grains & Pulses,43-575-2151,Geba,34.0,32,22,4.5,5/2/2024,11/2/2024,2/7/2025,31 Sullivan Hill,42,27,Active,153.0,170.1
08-495-6853,Heavy Cream,Dairy,07-432-0137,Yadel,74.0,62,6,4.0,12/27/2024,1/13/2025,8/14/2024,7943 Amoth Parkway,65,96,Active,296.0,234.0
42-495-7698,Sushi Rice,Grains & Pulses,93-625-4768,Latz,10.0,11,29,4.3,2/13/2025,10/8/2024,7/22/2024,91 Gateway Pass,29,72,Backordered,43.0,112.22999999999999
83-727-0814,Basmati Rice,Grains & Pulses,79-656-1990,Yodo,11.0,87,64,4.5,8/30/2024,6/8/2024,6/5/2024,28 Boyd Pass,29,6,Active,49.5,117.45
01-050-2246,Grapes,Fruits & Vegetables,80-462-5807,Gabspot,99.0,68,1,5.5,7/13/2024,2/25/2024,9/8/2024,38 Esch Pass,59,16,Discontinued,544.5,292.05
07-858-5487,Swiss Cheese,Dairy,92-991-6167,Meeveo,64.0,14,44,8.0,6/23/2024,5/16/2024,12/29/2024,6 Susan Alley,53,33,Active,512.0,381.6
20-283-0111,Pear,Fruits & Vegetables,60-394-8955,Cogidoo,58.0,55,5,4.45,12/31/2024,4/17/2024,1/6/2025,0 Ruskin Way,62,89,Active,258.1,248.31000000000003
87-391-9658,Corn Oil,Oils & Fats,51-054-1226,Centizu,26.0,100,13,2.5,11/23/2024,9/18/2024,1/7/2025,92486 Laurel Alley,45,45,Discontinued,65.0,101.25
44-782-1395,Raw Sugar,Grains & Pulses,54-132-9762,Flipopia,72.0,72,68,1.5,9/29/2024,6/26/2024,11/17/2024,365 Vera Terrace,39,78,Active,108.0,52.65
12-828-1063,Mozzarella Cheese,Dairy,48-707-5857,Buzzdog,36.0,82,85,7.1,4/28/2024,3/29/2024,8/5/2024,018 Oxford Crossing,27,67,Discontinued,255.6,172.53
72-989-2512,Mushrooms,Fruits & Vegetables,03-117-6217,Yakijo,24.0,21,4,6.0,4/5/2024,6/27/2024,10/28/2024,61 Waubesa Court,85,17,Backordered,144.0,459.0
53-667-4109,Onion,Fruits & Vegetables,40-800-4739,Voolith,16.0,75,42,2.0,7/23/2024,3/21/2024,5/24/2024,992 East Point,22,46,Active,32.0,39.6
93-772-3085,Banana,Fruits & Vegetables,61-807-0746,Edgetag,39.0,19,18,13.99,3/30/2024,7/18/2024,1/20/2025,07359 Porter Park,58,90,Active,545.61,730.278
92-652-3737,Zucchini,Fruits & Vegetables,42-361-6981,Quimm,89.0,56,74,2.5,11/10/2024,7/30/2024,10/1/2024,66330 Northridge Street,27,51,Backordered,222.5,60.75
74-404-0582,Cherry,Fruits & Vegetables,31-628-6696,Jabbersphere,57.0,82,59,8.0,9/10/2024,11/20/2024,6/11/2024,07 Maple Wood Drive,44,57,Active,456.0,316.8
19-244-9890,Herbal Tea,Beverages,98-107-0604,Wikido,61.0,22,98,30.0,3/7/2024,10/2/2024,11/9/2024,620 Mockingbird Pass,90,11,Active,1830.0,2430.0
01-839-6534,Short Grain Rice,Grains & Pulses,51-519-4588,Tanoodle,56.0,28,76,3.0,10/25/2024,2/4/2025,9/2/2024,8 Hazelcrest Street,93,69,Active,168.0,251.1
58-229-1358,Cream,Dairy,66-883-2383,Bubblebox,21.0,24,2,2.35,4/5/2024,9/11/2024,9/28/2024,1 Lillian Plaza,87,36,Backordered,49.35,184.00500000000002
80-025-6757,Grapes,Fruits & Vegetables,49-608-3851,Thoughtmix,59.0,29,100,5.5,4/4/2024,11/29/2024,1/1/2025,183 Algoma Trail,74,16,Discontinued,324.5,366.3
35-031-1497,Green Coffee,Beverages,84-835-1656,Linklinks,20.0,68,20,12.0,1/9/2025,7/4/2024,11/2/2024,581 Oneill Crossing,38,51,Active,240.0,410.40000000000003
26-629-5920,Rye Bread,Bakery,19-264-7608,Jetwire,99.0,6,88,3.0,5/15/2024,7/16/2024,12/14/2024,77563 Russell Lane,49,9,Active,297.0,132.3
51-000-8113,Green Tea,Beverages,56-825-0880,Vidoo,24.0,27,35,8.0,10/14/2024,1/31/2025,11/20/2024,51369 Dawn Hill,49,58,Active,192.0,352.8
93-571-7294,Sushi Rice,Grains & Pulses,77-842-0920,Quire,78.0,94,7,4.35,9/6/2024,11/3/2024,5/22/2024,76 Fisk Park,69,40,Backordered,339.29999999999995,270.135
48-770-6319,Egg (Duck),Dairy,64-452-2395,Fivebridge,52.0,31,18,1.0,4/28/2024,11/21/2024,2/2/2025,34 Fremont Point,77,16,Backordered,52.0,69.3
74-818-3306,Spinach,Fruits & Vegetables,75-536-2986,Eabox,45.0,70,98,2.45,8/10/2024,7/27/2024,5/9/2024,62 Thackeray Center,25,39,Backordered,110.25000000000001,55.12500000000001
15-082-9124,Apricot,Fruits & Vegetables,02-997-1489,LiveZ,89.0,35,19,5.0,1/31/2025,10/8/2024,5/7/2024,38 Dawn Street,49,55,Discontinued,445.0,220.5
66-854-5736,Kiwi,Fruits & Vegetables,98-591-1051,Vitz,63.0,57,11,5.8,1/11/2025,12/23/2024,5/10/2024,50880 Nobel Road,20,100,Discontinued,365.4,104.4
90-128-7973,Black Rice,Grains & Pulses,91-417-6283,Shuffletag,49.0,3,7,6.25,9/19/2024,10/31/2024,3/13/2024,46989 Crescent Oaks Junction,75,46,Backordered,306.25,421.875
60-198-7050,Green Tea,Beverages,27-493-6787,Photobug,26.0,59,54,8.0,8/10/2024,11/24/2024,3/19/2024,5306 Arkansas Avenue,92,49,Active,208.0,662.4
70-206-4860,Egg (Quail),Dairy,82-527-9395,Meejo,93.0,68,71,0.8,2/9/2025,3/11/2024,9/17/2024,75 High Crossing Junction,30,37,Discontinued,74.4,21.6
25-353-2067,Papaya,Fruits & Vegetables,01-210-3485,Brightbean,81.0,16,69,4.3,1/6/2025,8/4/2024,7/25/2024,59449 Sherman Parkway,23,96,Backordered,348.3,89.00999999999999
93-218-8108,Heavy Cream,Dairy,05-966-6460,Talane,74.0,60,27,4.0,6/17/2024,5/22/2024,11/17/2024,9848 Little Fleur Point,99,68,Backordered,296.0,356.40000000000003
95-262-6208,Black Tea,Beverages,66-227-1125,Devshare,19.0,78,90,5.0,12/24/2024,4/15/2024,7/29/2024,44662 American Plaza,72,84,Discontinued,95.0,324.0
02-484-0206,Short Grain Rice,Grains & Pulses,62-011-9357,Quatz,64.0,97,91,3.0,11/25/2024,8/20/2024,8/2/2024,60 Main Pass,48,100,Active,192.0,129.6
08-226-5155,Bell Pepper,Fruits & Vegetables,64-584-7898,Zava,49.0,93,15,4.5,4/27/2024,5/1/2024,4/27/2024,81503 Graedel Plaza,52,31,Backordered,220.5,210.6
47-581-0363,Parmesan Cheese,Dairy,08-359-2568,Tagpad,99.0,10,88,12.0,7/14/2024,12/5/2024,1/20/2025,8 Dawn Court,69,98,Active,1188.0,745.2
04-104-6993,Buttermilk,Dairy,06-776-1072,Trilia,60.0,1,42,2.45,11/16/2024,8/27/2024,10/15/2024,55095 Northview Drive,42,91,Active,147.0,92.61000000000001
45-380-4627,Cabbage,Fruits & Vegetables,20-201-5639,Zoombox,90.0,1,40,0.9,10/20/2024,1/11/2025,2/16/2025,0 Thackeray Point,52,19,Discontinued,81.0,42.120000000000005
41-240-8856,Haddock,Seafood,28-162-7486,Snaptags,79.0,53,12,9.0,8/18/2024,5/29/2024,1/10/2025,8 Autumn Leaf Drive,45,95,Discontinued,711.0,364.5
81-573-0943,Egg (Chicken),Dairy,07-754-2313,Topiclounge,22.0,58,2,0.2,2/7/2025,6/28/2024,11/14/2024,20 Marcy Circle,33,68,Active,4.4,5.94
67-725-6830,Brown Rice,Grains & Pulses,05-727-0033,Quinu,51.0,47,6,2.5,11/23/2024,8/11/2024,6/18/2024,9 Victoria Point,53,4,Backordered,127.5,119.25
55-154-4728,Arabica Coffee,Beverages,33-466-7894,Yotz,65.0,63,41,20.0,4/2/2024,1/7/2025,3/29/2024,96 Westridge Junction,28,26,Backordered,1300.0,504.0
41-526-4036,Whipped Cream,Dairy,45-923-7206,Flashset,55.0,25,87,4.0,5/13/2024,3/2/2024,1/29/2025,38726 Gina Pass,69,48,Backordered,220.0,248.4
86-273-9377,White Rice,Grains & Pulses,38-330-5543,Eimbee,18.0,86,20,1.8,12/26/2024,12/4/2024,11/29/2024,1 Hollow Ridge Park,64,34,Discontinued,32.4,103.68
98-499-2220,Parmesan Cheese,Dairy,69-666-2257,Skidoo,37.0,3,45,12.0,10/25/2024,4/22/2024,11/21/2024,27 School Court,39,28,Discontinued,444.0,421.2
50-930-4751,Salmon,Seafood,40-260-8547,Abata,88.0,40,29,15.0,2/24/2025,6/24/2024,2/25/2024,80380 Valley Edge Road,96,87,Discontinued,1320.0,1296.0
88-304-2855,Pineapple,Fruits & Vegetables,59-570-2020,Brainverse,20.0,51,33,3.5,4/3/2024,1/24/2025,2/12/2025,0 Delladonna Place,80,41,Active,70.0,252.0
69-743-0161,Bread Flour,Grains & Pulses,29-774-6779,Twitterwire,99.0,54,71,1.5,10/22/2024,8/14/2024,11/21/2024,583 Loftsgordon Road,80,10,Discontinued,148.5,108.0
40-902-1995,Asparagus,Fruits & Vegetables,86-879-7811,Zoomzone,46.0,88,20,4.8,10/8/2024,12/8/2024,4/1/2024,1519 Delaware Court,59,79,Backordered,220.79999999999998,254.88
50-329-3360,Wild Rice,Grains & Pulses,85-594-2570,Topdrive,19.0,77,66,10.0,11/7/2024,2/16/2025,8/25/2024,72 Crownhardt Circle,62,100,Active,190.0,558.0
03-441-4252,Yogurt,Dairy,11-430-6041,Wordpedia,12.0,83,93,1.75,10/27/2024,6/28/2024,7/24/2024,6 Bobwhite Alley,22,9,Backordered,21.0,34.65
97-093-4278,Buttermilk,Dairy,38-200-4863,Twitterlist,69.0,98,89,2.55,10/29/2024,4/9/2024,6/1/2024,467 Dexter Pass,29,34,Discontinued,175.95,66.55499999999999
01-820-5784,Egg (Duck),Dairy,80-567-5598,Skipfire,63.0,38,77,1.0,12/23/2024,2/12/2025,4/26/2024,6982 Crownhardt Circle,23,18,Active,63.0,20.7
31-803-5001,Asparagus,Fruits & Vegetables,14-414-1945,Voonder,78.0,16,37,4.7,10/12/2024,12/4/2024,6/1/2024,64 1st Plaza,25,96,Backordered,366.6,105.75
61-317-9944,White Bread,Bakery,03-220-5535,Skivee,72.0,20,71,2.5,6/29/2024,5/17/2024,10/29/2024,21844 Artisan Trail,87,68,Discontinued,180.0,195.75
56-303-5256,Wild Rice,Grains & Pulses,29-821-5359,Babbleopia,58.0,24,25,10.0,8/24/2024,11/17/2024,3/21/2024,3 Hermina Circle,75,26,Active,580.0,675.0
86-672-4191,Egg (Goose),Dairy,79-219-8469,Einti,88.0,22,61,2.5,1/4/2025,9/29/2024,2/8/2025,18 Troy Avenue,54,100,Discontinued,220.0,121.5
34-547-0827,White Rice,Grains & Pulses,30-853-8580,Wikibox,54.0,53,33,1.8,4/7/2024,1/17/2025,7/5/2024,18 Comanche Junction,94,82,Backordered,97.2,152.28000000000003
20-387-7746,Powdered Sugar,Grains & Pulses,08-218-9429,Aivee,64.0,10,100,2.5,10/14/2024,6/5/2024,10/27/2024,9050 Dorton Pass,97,52,Active,160.0,218.25
50-329-3145,Milk,Dairy,88-418-3855,Jatri,12.0,54,48,1.0,11/6/2024,12/20/2024,4/21/2024,591 Maple Wood Drive,31,88,Backordered,12.0,27.900000000000002
02-559-8196,Mango,Fruits & Vegetables,44-495-6660,Jaxnation,61.0,14,49,5.2,6/10/2024,12/12/2024,7/25/2024,545 Linden Alley,74,35,Discontinued,317.2,346.32
69-834-2874,Oatmeal Biscuit,Bakery,51-600-6076,Skajo,28.0,62,81,5.0,3/27/2024,6/25/2024,10/7/2024,39 Oxford Drive,28,30,Discontinued,140.0,126.0
27-474-0056,Spinach,Fruits & Vegetables,56-969-3705,Feedfish,23.0,6,40,2.5,3/20/2024,12/19/2024,6/19/2024,538 Bayside Parkway,95,24,Backordered,57.5,213.75
66-378-7532,Blueberries,Fruits & Vegetables,15-365-5585,Flipbug,87.0,51,67,10.0,1/7/2025,6/5/2024,5/6/2024,88678 Bayside Park,55,100,Backordered,870.0,495.0
28-185-7303,Robusta Coffee,Beverages,97-143-0641,Yozio,59.0,31,3,10.0,9/15/2024,1/21/2025,10/22/2024,25696 Westerfield Alley,48,51,Active,590.0,432.0
19-854-3663,Watermelon,Fruits & Vegetables,72-509-7548,Dabjam,13.0,88,11,3.0,11/19/2024,5/5/2024,12/14/2024,4 Dakota Avenue,100,52,Backordered,39.0,270.0
42-175-1648,Pomegranate,Fruits & Vegetables,67-272-8844,Browsetype,81.0,87,15,6.0,1/8/2025,1/25/2025,9/9/2024,72778 Loftsgordon Center,94,10,Backordered,486.0,507.6
56-657-4387,White Bread,Bakery,78-629-7560,Meevee,61.0,77,45,2.5,3/21/2024,2/29/2024,6/22/2024,5 Lyons Street,51,48,Backordered,152.5,114.75
05-720-8792,Carrot,Fruits & Vegetables,33-265-4588,Linkbridge,80.0,91,36,1.5,3/24/2024,7/8/2024,10/26/2024,2 Northview Avenue,81,74,Active,120.0,109.35000000000001
84-151-2114,Brown Rice,Grains & Pulses,79-704-1471,Avamm,39.0,57,54,2.5,12/6/2024,3/6/2024,8/11/2024,12 Rigney Street,77,32,Active,97.5,173.25
10-378-9729,Cabbage,,83-941-9620,Rooxo,69.0,21,68,66.55,12/23/2024,11/26/2024,9/21/2024,2 Butterfield Pass,36,35,Discontinued,4591.95,2156.22
53-930-2215,Egg (Goose),Dairy,42-210-6541,Gabvine,60.0,43,32,2.5,7/5/2024,10/4/2024,7/9/2024,292 Utah Street,77,60,Active,150.0,173.25
02-034-6209,Sour Cream,Dairy,34-724-1913,Yodel,22.0,43,3,4.1,2/1/2025,7/26/2024,10/8/2024,96 Brown Drive,45,87,Backordered,90.19999999999999,166.04999999999998
28-003-8065,Almond Flour,Grains & Pulses,42-579-7177,Voonte,79.0,47,51,9.5,7/19/2024,2/16/2025,1/28/2025,65 Merry Circle,83,69,Discontinued,750.5,709.65
19-021-5024,Broccoli,Fruits & Vegetables,75-369-5047,Rhyzio,47.0,63,86,4.0,5/19/2024,2/13/2025,5/7/2024,4 Heffernan Lane,76,29,Active,188.0,273.6
07-846-4804,Jasmine Rice,Grains & Pulses,30-605-2164,Tagcat,20.0,25,73,4.75,10/8/2024,7/2/2024,9/25/2024,2 Fair Oaks Pass,78,1,Discontinued,95.0,333.45
70-542-4269,Gouda Cheese,Dairy,27-772-7906,Gigazoom,41.0,22,11,7.0,6/19/2024,4/23/2024,4/17/2024,7 Victoria Hill,86,30,Active,287.0,541.8000000000001
52-797-6961,Tilapia,Seafood,75-793-8978,Plajo,46.0,80,88,7.0,9/19/2024,6/7/2024,6/17/2024,13799 Quincy Park,62,22,Discontinued,322.0,390.6
66-327-2821,Palm Oil,Oils & Fats,82-525-7224,Skipstorm,67.0,57,36,1.8,8/2/2024,4/10/2024,5/27/2024,703 Hermina Center,78,60,Active,120.60000000000001,126.36000000000001
12-093-9863,Arborio Rice,Grains & Pulses,21-416-3796,Feednation,51.0,19,96,4.5,11/23/2024,2/9/2025,6/26/2024,6748 Mitchell Road,73,42,Active,229.5,295.65000000000003
08-396-2704,White Sugar,Grains & Pulses,94-186-9620,Cogibox,42.0,12,28,2.0,3/10/2024,4/1/2024,5/10/2024,160 Crowley Center,80,8,Discontinued,84.0,144.0
72-970-0239,Sesame Oil,Oils & Fats,64-752-3122,Divanoodle,85.0,86,21,6.5,6/30/2024,7/24/2024,7/18/2024,73966 Pond Trail,78,53,Backordered,552.5,456.3
03-940-0630,Sunflower Oil,Oils & Fats,49-762-8263,Skibox,23.0,43,75,2.5,11/8/2024,10/31/2024,4/3/2024,27408 Burning Wood Street,91,86,Discontinued,57.5,204.75
67-130-4114,Bell Pepper,Fruits & Vegetables,53-718-1768,Devcast,84.0,26,37,4.5,4/15/2024,2/27/2024,1/24/2025,9327 Hanover Way,46,67,Backordered,378.0,186.3
32-270-1385,Greek Yogurt,Fruits & Vegetables,81-072-8266,Quaxo,28.0,38,23,42.58,10/28/2024,12/15/2024,8/8/2024,0500 Calypso Pass,48,56,Backordered,1192.24,1839.456
85-510-2915,White Bread,Bakery,55-134-2668,Mybuzz,62.0,49,38,2.5,12/16/2024,5/29/2024,10/9/2024,8 Merrick Lane,42,44,Discontinued,155.0,94.5
00-842-9790,Egg (Goose),Dairy,37-079-2530,Oba,65.0,94,4,2.5,7/31/2024,1/30/2025,12/28/2024,53894 Myrtle Place,66,36,Backordered,162.5,148.5
49-377-9731,Lime,Fruits & Vegetables,56-823-5908,Livefish,18.0,8,68,2.0,6/2/2024,10/3/2024,4/19/2024,3 Meadow Valley Court,54,45,Backordered,36.0,97.2
96-682-8546,Egg (Chicken),Dairy,03-882-3517,Kaymbo,70.0,29,24,0.2,3/31/2024,10/26/2024,9/17/2024,97 Walton Avenue,62,55,Backordered,14.0,11.16
92-837-8839,Vegetable Oil,Oils & Fats,95-484-3134,Yoveo,23.0,71,32,2.0,4/14/2024,1/16/2025,8/18/2024,95 Lerdahl Park,63,23,Discontinued,46.0,113.4
68-732-5919,Jasmine Rice,Grains & Pulses,07-500-2023,Eimbee,26.0,83,24,4.75,2/7/2025,10/29/2024,5/17/2024,56 Bonner Point,75,12,Backordered,123.5,320.625
37-064-7275,Robusta Coffee,Beverages,63-522-2633,Skiptube,20.0,42,45,10.0,3/22/2024,6/25/2024,9/22/2024,149 Lawn Way,72,28,Discontinued,200.0,648.0
43-193-9915,Mozzarella Cheese,Dairy,23-931-2988,Roodel,55.0,58,6,7.2,1/17/2025,7/12/2024,9/23/2024,61 Transport Parkway,48,17,Discontinued,396.0,311.04
45-992-5653,Whole Wheat Flour,Grains & Pulses,22-050-5775,Jaxworks,82.0,67,67,2.75,3/25/2024,7/7/2024,10/19/2024,5 Fisk Point,26,1,Backordered,225.5,64.35000000000001
45-852-2446,Salmon,Seafood,37-567-5710,Fanoodle,73.0,12,28,15.0,9/15/2024,6/8/2024,11/29/2024,56 Petterle Circle,89,92,Active,1095.0,1201.5
57-394-4703,White Tea,Beverages,52-130-3457,Agivu,81.0,83,36,25.0,10/26/2024,1/7/2025,10/16/2024,38 Banding Lane,74,86,Backordered,2025.0,1665.0
07-679-1199,Onion,Fruits & Vegetables,75-406-6250,Wikizz,20.0,65,61,2.0,7/4/2024,7/10/2024,10/15/2024,1991 Kropf Way,51,78,Active,40.0,91.8
47-221-3391,Black Coffee,Beverages,21-450-5520,Digitube,78.0,38,27,15.0,4/6/2024,7/9/2024,9/12/2024,0023 Upham Road,54,42,Active,1170.0,729.0
80-698-0324,Butter Biscuit,Bakery,98-587-7923,Bluejam,84.0,58,28,6.0,4/17/2024,2/4/2025,5/25/2024,7 Duke Parkway,51,12,Active,504.0,275.40000000000003
36-383-3677,Corn Oil,Oils & Fats,88-020-6814,Centizu,32.0,38,23,2.5,6/16/2024,5/29/2024,2/2/2025,7 Anzinger Lane,52,11,Discontinued,80.0,117.0
42-907-6946,Coconut Oil,Oils & Fats,32-386-9832,Bluejam,90.0,75,6,5.0,7/6/2024,1/1/2025,8/31/2024,093 Anhalt Crossing,55,64,Active,450.0,247.5
96-209-1739,Evaporated Milk,Dairy,82-930-7733,Miboo,70.0,81,75,2.0,9/8/2024,2/27/2024,2/29/2024,779 Ridgeway Street,24,54,Backordered,140.0,43.2
36-679-4670,Bell Pepper,Fruits & Vegetables,60-508-7567,Fatz,90.0,22,20,4.5,6/30/2024,2/22/2025,1/13/2025,5 Warner Court,81,88,Backordered,405.0,328.05
08-637-9335,Lettuce,Fruits & Vegetables,99-178-0951,Meemm,100.0,7,14,2.0,12/16/2024,3/6/2024,7/25/2024,9 Cardinal Alley,26,33,Backordered,200.0,46.800000000000004
56-875-3717,Brown Rice,Grains & Pulses,39-257-6162,Youtags,89.0,54,15,2.5,10/9/2024,8/1/2024,5/3/2024,32 Cottonwood Pass,64,63,Active,222.5,144.0
86-978-6666,Whole Wheat Flour,Grains & Pulses,43-979-2253,Dabjam,38.0,43,28,2.7,10/1/2024,7/26/2024,9/15/2024,21343 Brentwood Circle,34,54,Backordered,102.60000000000001,82.62000000000002
41-475-5305,Rye Bread,Bakery,93-900-1170,Kwideo,61.0,20,29,3.0,4/19/2024,3/13/2024,9/12/2024,88 Hooker Parkway,71,97,Backordered,183.0,191.70000000000002
25-911-7736,Orange,Fruits & Vegetables,40-180-0752,Oba,75.0,48,25,3.0,12/11/2024,8/17/2024,8/29/2024,72090 Northfield Place,96,65,Backordered,225.0,259.2
28-433-8533,Multigrain Bread,Bakery,81-694-0300,Topicware,87.0,70,77,3.2,5/8/2024,2/27/2024,2/2/2025,8 Mayer Trail,73,44,Active,278.40000000000003,210.24000000000004
84-624-0201,Bread Flour,Grains & Pulses,25-769-3792,Skaboo,71.0,77,30,1.5,7/17/2024,11/9/2024,1/20/2025,9 Eastlawn Crossing,34,57,Backordered,106.5,45.9
45-634-0679,Haddock,Seafood,29-542-9338,Rhybox,98.0,100,34,9.0,10/13/2024,2/28/2024,8/27/2024,9 Anhalt Trail,53,20,Active,882.0,429.3
93-014-4256,Green Beans,Fruits & Vegetables,37-599-8579,BlogXS,19.0,92,41,2.0,1/5/2025,1/11/2025,10/13/2024,6 Bay Road,51,79,Active,38.0,91.8
24-989-3302,Coconut,Fruits & Vegetables,89-159-0852,Eazzy,85.0,90,16,5.0,5/25/2024,6/3/2024,7/30/2024,736 Redwing Parkway,61,80,Backordered,425.0,274.5
46-415-8633,Apple,Fruits & Vegetables,32-497-0478,Omba,71.0,36,45,3.5,1/29/2025,11/17/2024,1/2/2025,5 Eggendart Parkway,87,2,Backordered,248.5,274.05
73-117-6105,Brown Rice,Grains & Pulses,74-729-7466,Skipfire,44.0,48,77,2.5,8/23/2024,9/17/2024,1/23/2025,955 4th Road,67,79,Discontinued,110.0,150.75
53-710-7630,Rice Flour,Grains & Pulses,46-171-9624,Livetube,25.0,95,71,2.0,6/25/2024,7/9/2024,1/14/2025,996 Thierer Center,24,76,Backordered,50.0,43.2
10-617-7581,Peanut Oil,Oils & Fats,86-995-7254,Devpulse,24.0,14,5,4.0,6/20/2024,3/30/2024,6/17/2024,0 Lawn Parkway,98,9,Active,96.0,352.8
66-312-5511,Anchovies,Seafood,99-553-6838,Skipfire,44.0,97,76,10.0,5/27/2024,4/10/2024,12/15/2024,959 Dorton Pass,80,33,Discontinued,440.0,720.0
87-423-8486,Powdered Sugar,Grains & Pulses,12-947-4739,Mybuzz,63.0,4,46,2.5,8/17/2024,3/21/2024,3/9/2024,5 Homewood Street,40,69,Discontinued,157.5,90.0
64-493-5270,Palm Oil,Oils & Fats,36-964-9838,Dynabox,69.0,59,29,1.8,10/30/2024,5/23/2024,5/22/2024,4571 Fremont Way,63,91,Active,124.2,102.06
31-255-9616,Tuna,Seafood,11-031-9939,Centimia,88.0,71,9,18.0,3/14/2024,12/28/2024,3/16/2024,9440 Coleman Drive,28,14,Backordered,1584.0,453.6
26-799-3714,Robusta Coffee,Beverages,50-877-0990,Mymm,74.0,2,45,10.0,2/29/2024,2/3/2025,4/6/2024,49225 Homewood Place,37,99,Active,740.0,333.0
64-119-7804,Bell Pepper,Fruits & Vegetables,53-497-9614,Jaxbean,98.0,43,9,4.5,6/25/2024,3/6/2024,12/29/2024,06584 Mendota Avenue,86,62,Backordered,441.0,348.3
74-181-4135,Egg (Chicken),Dairy,00-487-2428,Meembee,22.0,19,4,0.2,4/18/2024,3/17/2024,9/17/2024,79878 Katie Trail,88,24,Discontinued,4.4,15.840000000000002
34-369-7712,Apricot,Fruits & Vegetables,95-241-9348,Fivebridge,55.0,96,40,5.0,5/16/2024,5/11/2024,6/6/2024,0 Lerdahl Parkway,23,47,Discontinued,275.0,103.5
31-157-1822,Ricotta Cheese,Dairy,53-998-1422,Kwideo,96.0,80,20,6.1,12/19/2024,7/30/2024,1/28/2025,803 Cottonwood Crossing,94,49,Discontinued,585.5999999999999,516.06
27-459-0724,Feta Cheese,Dairy,45-331-8563,Quaxo,91.0,7,64,7.0,11/9/2024,8/12/2024,2/24/2025,4 Duke Way,32,65,Discontinued,637.0,201.6
47-441-7682,Digestive Biscuit,Bakery,90-998-1236,Vimbo,40.0,91,24,4.0,7/29/2024,12/12/2024,11/30/2024,4247 David Crossing,28,47,Discontinued,160.0,100.8
32-676-1026,Salmon,Seafood,98-155-9583,Buzzshare,52.0,46,12,15.0,12/18/2024,6/4/2024,4/16/2024,9433 Jenna Lane,43,34,Backordered,780.0,580.5
77-959-1018,Lettuce,Fruits & Vegetables,00-912-3545,Gigabox,22.0,22,65,2.0,1/15/2025,4/30/2024,6/12/2024,03 Ryan Circle,62,78,Backordered,44.0,111.60000000000001
60-911-3745,Black Rice,Grains & Pulses,87-570-0273,Blognation,98.0,41,98,6.35,1/5/2025,8/31/2024,1/18/2025,75054 Ramsey Parkway,70,75,Backordered,622.3,400.05
57-101-0060,Whole Wheat Flour,Grains & Pulses,40-070-5881,Topicstorm,59.0,73,86,2.75,2/13/2025,1/1/2025,9/11/2024,78919 East Crossing,32,56,Backordered,162.25,79.2
54-758-4622,Chocolate Biscuit,Bakery,94-903-2643,Devcast,99.0,3,79,5.0,6/5/2024,1/16/2025,11/21/2024,865 Eagle Crest Park,65,16,Backordered,495.0,292.5
92-152-5820,Black Tea,Beverages,50-747-2259,Jaloo,18.0,36,53,5.3,5/12/2024,5/1/2024,6/24/2024,0920 Monica Pass,65,100,Active,95.39999999999999,310.05
44-637-5512,Watermelon,Fruits & Vegetables,27-541-2645,Jaxspan,58.0,12,99,3.0,1/22/2025,1/12/2025,5/26/2024,00064 Mosinee Circle,71,30,Active,174.0,191.70000000000002
65-854-9364,Black Rice,Grains & Pulses,64-800-4141,BlogXS,30.0,34,96,6.3,11/4/2024,12/19/2024,4/22/2024,752 Mccormick Way,61,13,Backordered,189.0,345.87
60-747-8704,Papaya,Fruits & Vegetables,93-793-4398,Twitterwire,97.0,97,71,4.5,7/12/2024,9/29/2024,8/22/2024,561 Pennsylvania Way,53,31,Active,436.5,214.65
85-835-3445,Egg (Goose),Dairy,13-433-4930,Gigashots,50.0,93,37,2.45,1/11/2025,3/2/2024,5/12/2024,288 Fair Oaks Place,78,79,Backordered,122.50000000000001,171.99000000000004
66-716-8221,Cheddar Cheese,Dairy,67-024-9832,LiveZ,70.0,96,35,9.0,2/8/2025,6/24/2024,1/17/2025,54 Weeping Birch Lane,63,84,Backordered,630.0,510.3
01-026-2772,Blueberries,Fruits & Vegetables,20-532-0144,Buzzbean,40.0,61,47,10.0,8/28/2024,6/11/2024,5/27/2024,3 Bunting Point,76,10,Discontinued,400.0,684.0
21-252-1360,Corn Oil,Oils & Fats,28-314-1189,Shuffletag,75.0,23,34,2.5,6/22/2024,9/4/2024,7/4/2024,32 Charing Cross Pass,100,54,Backordered,187.5,225.0
80-039-1261,Strawberries,Fruits & Vegetables,37-994-7932,Skimia,26.0,97,12,6.0,9/25/2024,11/28/2024,6/12/2024,1 Havey Park,94,58,Discontinued,156.0,507.6
48-427-0551,Arabica Coffee,Beverages,01-900-4509,Jetpulse,13.0,55,77,20.0,10/17/2024,12/16/2024,11/3/2024,2 7th Center,67,68,Backordered,260.0,1206.0
02-575-1980,Plum,Fruits & Vegetables,61-100-8296,Yambee,11.0,58,32,4.0,2/28/2024,7/9/2024,11/24/2024,34832 Autumn Leaf Terrace,99,94,Active,44.0,356.40000000000003
61-293-6327,Salmon,Seafood,00-023-7719,Kamba,98.0,67,49,15.0,8/9/2024,12/29/2024,4/4/2024,4353 Dixon Circle,21,61,Active,1470.0,283.5
08-519-5579,Broccoli,Fruits & Vegetables,32-178-2765,Abatz,35.0,4,76,4.0,8/9/2024,8/22/2024,8/16/2024,89 Karstens Alley,90,30,Discontinued,140.0,324.0
33-670-6797,Mackerel,Seafood,74-032-7560,Wikido,45.0,56,64,7.5,7/14/2024,8/26/2024,7/5/2024,2869 Hudson Drive,35,82,Discontinued,337.5,236.25
29-741-8132,Kale,Fruits & Vegetables,49-384-4540,Blogpad,47.0,22,69,4.0,3/2/2024,7/14/2024,6/3/2024,85 Farwell Parkway,26,59,Backordered,188.0,93.60000000000001
89-713-6071,Sesame Oil,Oils & Fats,84-123-7159,Tazz,89.0,66,28,6.5,1/13/2025,11/19/2024,11/25/2024,60 Dottie Hill,39,25,Active,578.5,228.15
00-641-8691,Black Coffee,Beverages,34-824-0575,Brainverse,33.0,22,94,15.0,11/28/2024,9/24/2024,8/30/2024,797 Mcbride Lane,96,56,Discontinued,495.0,1296.0
68-977-6854,Apricot,Fruits & Vegetables,73-830-9633,Blognation,90.0,30,42,5.0,8/19/2024,7/29/2024,3/2/2024,2633 Shasta Alley,76,69,Backordered,450.0,342.0
86-257-4613,Jasmine Rice,Grains & Pulses,70-402-4816,Kwilith,44.0,26,60,4.75,3/15/2024,8/23/2024,8/5/2024,5 Prentice Pass,63,59,Discontinued,209.0,269.325
06-340-6856,Wild Rice,Grains & Pulses,11-005-7835,Podcat,41.0,56,12,9.75,5/6/2024,11/25/2024,2/29/2024,84 Rusk Terrace,93,88,Active,399.75,816.075
11-338-4598,Potato,Fruits & Vegetables,72-360-6358,Centimia,72.0,58,69,1.2,10/16/2024,2/3/2025,2/23/2025,9067 Valley Edge Park,96,23,Backordered,86.39999999999999,103.67999999999999
82-711-0772,Egg (Goose),Dairy,78-877-1866,Skyble,72.0,58,52,2.4,2/15/2025,5/16/2024,10/23/2024,463 Oxford Crossing,36,14,Active,172.79999999999998,77.75999999999999
05-184-4175,Black Coffee,Beverages,31-676-5646,Skyndu,40.0,30,60,15.0,9/5/2024,10/23/2024,5/3/2024,57 Di Loreto Circle,33,84,Active,600.0,445.5
17-274-6898,Whole Wheat Bread,Bakery,34-738-1209,Photobug,36.0,53,92,3.5,7/7/2024,6/1/2024,3/22/2024,657 Texas Street,67,43,Backordered,126.0,211.05
79-569-8856,Vegetable Oil,Oils & Fats,04-854-7165,Digitube,51.0,87,86,2.0,4/1/2024,5/19/2024,6/11/2024,03643 Oakridge Lane,24,83,Backordered,102.0,43.2
00-534-9775,Black Coffee,Beverages,79-955-6260,Tagpad,87.0,91,23,14.9,12/29/2024,5/23/2024,8/17/2024,68 Dakota Center,90,75,Backordered,1296.3,1206.9
94-071-2261,Pear,Fruits & Vegetables,25-706-2146,Roodel,79.0,37,98,4.5,9/1/2024,3/2/2024,3/30/2024,2004 Cody Plaza,33,20,Discontinued,355.5,133.65
94-355-3070,Tilapia,Seafood,73-393-9432,Jabbercube,14.0,52,80,6.8,7/26/2024,7/13/2024,7/23/2024,116 Spaight Park,64,17,Discontinued,95.2,391.68
17-265-1899,Orange,Fruits & Vegetables,61-793-0279,Demimbu,81.0,35,82,3.0,12/30/2024,3/25/2024,2/10/2025,4826 Drewry Center,86,71,Backordered,243.0,232.20000000000002
13-888-0149,Lime,Fruits & Vegetables,09-902-6272,Shufflebeat,75.0,18,65,2.0,2/17/2025,12/30/2024,3/15/2024,1 Logan Road,32,92,Active,150.0,57.6
21-890-2826,Gouda Cheese,Dairy,32-371-1686,Avaveo,48.0,12,62,7.0,6/15/2024,5/4/2024,9/19/2024,84 Hoffman Way,59,23,Active,336.0,371.7
05-425-0746,Onion,Fruits & Vegetables,23-450-0301,Gabspot,50.0,68,90,2.0,12/12/2024,5/9/2024,6/5/2024,49884 Brickson Park Plaza,40,13,Discontinued,100.0,72.0
88-807-8431,Haddock,Seafood,66-563-9462,Eire,11.0,87,43,9.0,1/2/2025,6/6/2024,2/9/2025,2 Russell Alley,86,91,Active,99.0,696.6
77-377-1659,Almond Flour,Grains & Pulses,64-674-3902,Thoughtblab,74.0,22,91,9.5,8/25/2024,1/22/2025,6/19/2024,6 Acker Street,24,12,Active,703.0,205.20000000000002
92-362-3567,Tomato,Fruits & Vegetables,40-056-7748,Fivebridge,11.0,10,60,2.5,10/10/2024,5/6/2024,12/25/2024,826 Melvin Pass,93,53,Discontinued,27.5,209.25
99-961-0767,Heavy Cream,Dairy,78-954-5649,Tambee,85.0,15,30,4.0,4/16/2024,10/25/2024,12/6/2024,40113 Blaine Place,95,63,Active,340.0,342.0
94-092-3355,Cauliflower,Fruits & Vegetables,76-641-2070,Flashspan,57.0,43,46,2.5,6/13/2024,12/1/2024,8/4/2024,929 Thierer Lane,87,88,Discontinued,142.5,195.75
29-344-3658,Lime,Fruits & Vegetables,33-546-5056,Yata,75.0,56,57,1.9,10/27/2024,10/25/2024,9/19/2024,7 Talmadge Street,63,64,Discontinued,142.5,107.72999999999999
60-327-4114,Egg (Turkey),Dairy,59-968-8346,Katz,63.0,7,23,2.35,9/7/2024,11/22/2024,10/17/2024,3 Bellgrove Way,78,100,Active,148.05,164.97000000000003
13-409-9040,White Tea,Beverages,34-303-5097,Jazzy,35.0,20,42,25.25,6/30/2024,8/5/2024,1/8/2025,9623 Cottonwood Park,53,56,Discontinued,883.75,1204.425
75-927-9108,Cabbage,Fruits & Vegetables,27-406-7972,Topdrive,24.0,32,17,1.0,9/29/2024,6/17/2024,7/2/2024,43 Washington Street,55,72,Discontinued,24.0,49.5
30-806-3823,Jasmine Rice,Grains & Pulses,36-451-3173,Topicware,53.0,26,3,4.75,3/2/2024,7/4/2024,3/6/2024,07 Pankratz Point,100,94,Active,251.75,427.5
65-780-5622,Butter Biscuit,Bakery,69-460-9770,InnoZ,74.0,81,41,6.0,2/5/2025,5/2/2024,5/27/2024,65 Forster Way,51,67,Active,444.0,275.40000000000003
94-598-3383,Brown Rice,Grains & Pulses,39-488-0039,Viva,79.0,38,67,2.5,7/5/2024,10/8/2024,9/1/2024,7403 Fuller Hill,43,93,Discontinued,197.5,96.75
45-250-4679,Bread Flour,Grains & Pulses,80-328-4990,Dazzlesphere,54.0,78,81,1.5,5/2/2024,11/23/2024,7/5/2024,49148 Meadow Ridge Way,41,63,Backordered,81.0,55.35
45-317-9731,Palm Oil,Oils & Fats,05-779-0378,Wordware,44.0,83,78,1.8,7/8/2024,1/7/2025,8/20/2024,70156 7th Junction,46,4,Discontinued,79.2,74.52
41-131-3841,Almond Flour,Grains & Pulses,55-269-1746,Camido,77.0,19,31,9.5,10/29/2024,1/23/2025,3/20/2024,16 Fair Oaks Pass,27,25,Backordered,731.5,230.85
15-905-7750,Apricot,Fruits & Vegetables,48-176-1622,Skinix,42.0,61,52,5.0,12/2/2024,1/31/2025,9/29/2024,36687 Maple Avenue,86,99,Backordered,210.0,387.0
68-973-8812,Sweet Potato,Fruits & Vegetables,31-955-7362,Yodo,44.0,77,45,2.0,7/27/2024,6/22/2024,5/24/2024,55 Cherokee Circle,89,64,Discontinued,88.0,160.20000000000002
49-570-8214,Sour Cream,Dairy,17-345-5800,Realblab,81.0,76,10,4.0,5/13/2024,5/27/2024,12/18/2024,1823 Elgar Park,68,100,Backordered,324.0,244.8
57-779-4955,Black Rice,Grains & Pulses,84-869-9980,Zazio,92.0,48,22,6.25,11/29/2024,12/1/2024,1/20/2025,38436 Anthes Way,38,61,Backordered,575.0,213.75
85-781-5386,Salmon,Seafood,89-439-6947,Avavee,78.0,68,86,15.0,3/25/2024,3/20/2024,12/28/2024,10577 Thierer Plaza,47,95,Discontinued,1170.0,634.5
72-341-1154,Heavy Cream,Dairy,84-090-6472,Yodo,85.0,66,85,4.2,1/6/2025,10/31/2024,9/9/2024,8682 Golf Course Junction,65,58,Discontinued,357.0,245.70000000000002
28-986-8001,Pomegranate,Fruits & Vegetables,37-281-2537,Kwideo,65.0,69,4,6.0,8/14/2024,6/15/2024,10/13/2024,4 Old Shore Avenue,80,26,Active,390.0,432.0
82-811-7988,Olive Oil,Oils & Fats,41-772-9238,Realmix,36.0,3,54,6.0,3/3/2024,6/13/2024,12/13/2024,65 Chinook Circle,74,8,Discontinued,216.0,399.6
27-495-1912,Potato,Fruits & Vegetables,34-667-8907,Thoughtbridge,26.0,63,88,1.2,5/9/2024,2/29/2024,5/24/2024,12710 Gulseth Circle,84,70,Active,31.2,90.72
44-480-9446,Sunflower Oil,Oils & Fats,35-000-6015,Aibox,39.0,13,13,2.5,9/13/2024,2/19/2025,3/14/2024,43591 East Road,84,93,Active,97.5,189.0
77-937-1108,White Sugar,Grains & Pulses,41-007-0132,Twimm,39.0,83,21,2.0,12/31/2024,4/23/2024,4/12/2024,01 Hansons Crossing,73,88,Active,78.0,131.4
82-538-4809,Cabbage,Fruits & Vegetables,74-357-2990,Twitternation,83.0,61,4,1.0,9/16/2024,11/5/2024,10/24/2024,700 Northland Crossing,35,7,Backordered,83.0,31.5
69-895-3397,Cucumber,Fruits & Vegetables,02-575-2074,Yabox,28.0,5,9,1.8,1/16/2025,1/16/2025,3/4/2024,98 Melody Street,33,9,Discontinued,50.4,53.46
44-112-3331,Tuna,Seafood,90-453-4096,Realmix,85.0,17,96,18.0,11/5/2024,7/2/2024,4/8/2024,63787 Arkansas Street,92,34,Discontinued,1530.0,1490.4
93-682-2069,Lime,Fruits & Vegetables,60-038-7810,Roomm,76.0,39,15,2.0,12/6/2024,6/23/2024,8/16/2024,2718 Londonderry Plaza,77,70,Backordered,152.0,138.6
49-199-6836,Tomato,Fruits & Vegetables,81-999-7392,Thoughtbeat,100.0,64,62,2.5,12/15/2024,12/30/2024,8/24/2024,77 Brown Circle,84,44,Discontinued,250.0,189.0
47-221-2470,Pomegranate,Fruits & Vegetables,30-780-7583,Teklist,17.0,45,44,6.0,7/25/2024,4/3/2024,10/10/2024,60 Messerschmidt Pass,37,16,Active,102.0,199.8
71-067-3278,Anchovies,Seafood,76-797-9430,Twitterbridge,51.0,35,95,10.0,10/22/2024,5/8/2024,8/16/2024,5521 Wayridge Center,80,89,Backordered,510.0,720.0
89-388-3239,Grapes,Fruits & Vegetables,28-521-7083,Centizu,54.0,88,43,5.5,2/12/2025,5/24/2024,4/19/2024,4346 Columbus Way,81,77,Backordered,297.0,400.95
10-555-5971,Sourdough Bread,Bakery,30-410-3509,Gigashots,94.0,56,80,4.0,1/4/2025,12/2/2024,9/27/2024,8425 New Castle Parkway,47,96,Backordered,376.0,169.20000000000002
82-931-7126,Asparagus,Fruits & Vegetables,67-596-1997,Vitz,34.0,95,18,5.0,10/14/2024,10/17/2024,5/12/2024,856 School Plaza,41,26,Discontinued,170.0,184.5
24-228-6840,Herbal Tea,Beverages,26-280-5472,Myworks,27.0,1,3,30.0,4/16/2024,8/9/2024,11/28/2024,68241 Hanson Circle,34,63,Backordered,810.0,918.0
52-392-5312,All-Purpose Flour,Grains & Pulses,78-092-4768,Pixonyx,50.0,42,20,1.75,11/6/2024,2/19/2025,7/24/2024,336 Old Shore Lane,87,59,Active,87.5,137.025
36-531-4087,Almond Flour,Grains & Pulses,83-172-5527,Skaboo,85.0,12,94,9.5,3/24/2024,10/25/2024,3/14/2024,2 Columbus Drive,26,32,Discontinued,807.5,222.3
39-810-2042,Rice Flour,Grains & Pulses,65-620-9866,Quatz,24.0,2,49,2.0,6/2/2024,1/25/2025,9/5/2024,47817 Oneill Park,98,82,Active,48.0,176.4
55-164-7723,Halibut,Seafood,85-454-9252,Gevee,82.0,31,86,20.0,4/10/2024,5/17/2024,1/8/2025,6410 Northwestern Pass,66,74,Active,1640.0,1188.0
61-680-9496,Apple,Fruits & Vegetables,75-448-1356,Wikido,17.0,14,17,3.5,3/24/2024,10/5/2024,4/14/2024,2 Northridge Street,36,64,Discontinued,59.5,113.4
24-143-4957,Canola Oil,Oils & Fats,29-968-4976,Katz,25.0,97,63,2.3,10/22/2024,6/22/2024,8/15/2024,685 Independence Junction,72,23,Discontinued,57.49999999999999,149.04
26-456-1992,Tilapia,Seafood,60-159-3514,Geba,56.0,59,87,7.0,1/26/2025,12/23/2024,7/29/2024,1792 Crownhardt Street,65,45,Active,392.0,409.5
62-998-7250,Evaporated Milk,Dairy,72-002-3904,Photobug,72.0,3,10,2.0,1/18/2025,7/31/2024,10/5/2024,9171 Redwing Street,52,14,Backordered,144.0,93.60000000000001
38-617-7226,Mushrooms,Fruits & Vegetables,91-215-9838,Bluezoom,65.0,42,62,6.3,10/24/2024,6/19/2024,7/13/2024,33145 Butterfield Avenue,54,2,Active,409.5,306.18
00-366-9496,Grapes,Fruits & Vegetables,40-515-1141,Kimia,30.0,66,28,5.5,8/9/2024,2/8/2025,12/28/2024,898 Rowland Trail,63,98,Active,165.0,311.85
76-027-4850,Onion,Fruits & Vegetables,75-256-5638,Tavu,39.0,37,48,2.0,11/27/2024,8/26/2024,6/24/2024,425 Shasta Terrace,25,19,Active,78.0,45.0
27-269-5260,Pineapple,Fruits & Vegetables,54-724-8610,Rhyloo,14.0,81,65,3.5,11/17/2024,3/15/2024,10/22/2024,1661 Springview Terrace,74,84,Active,49.0,233.1
40-126-0515,Carrot,Fruits & Vegetables,78-379-0369,Gigashots,74.0,37,57,1.5,2/14/2025,3/4/2024,12/18/2024,28351 Cascade Plaza,91,18,Active,111.0,122.85000000000001
31-387-5020,Parmesan Cheese,Dairy,02-811-7933,Buzzbean,63.0,41,98,11.9,10/22/2024,12/17/2024,8/14/2024,854 Kipling Point,37,7,Active,749.7,396.27000000000004
13-673-7016,Peach,Fruits & Vegetables,78-726-6352,Youfeed,47.0,67,57,4.0,12/4/2024,7/22/2024,2/23/2025,04 Hagan Crossing,36,48,Backordered,188.0,129.6
85-212-2729,Egg (Turkey),Dairy,58-226-6435,Browsecat,42.0,94,79,2.5,12/17/2024,12/21/2024,5/16/2024,93 Longview Junction,61,92,Backordered,105.0,137.25
99-048-8310,Tomato,Fruits & Vegetables,70-453-8646,Demimbu,32.0,49,73,2.5,7/6/2024,4/22/2024,5/27/2024,43 Lakewood Junction,80,36,Discontinued,80.0,180.0
19-112-1616,Lettuce,Fruits & Vegetables,55-251-3001,Quamba,88.0,56,72,2.0,1/12/2025,4/12/2024,6/28/2024,7698 Logan Drive,25,36,Active,176.0,45.0
98-546-7398,Yogurt,Dairy,37-921-2953,Thoughtworks,80.0,69,71,1.75,8/27/2024,5/3/2024,4/17/2024,15658 Talisman Lane,41,43,Backordered,140.0,64.575
63-874-9747,Orange,Fruits & Vegetables,22-506-4911,Oloo,36.0,59,90,3.0,7/8/2024,12/9/2024,11/11/2024,183 Buell Park,25,60,Discontinued,108.0,67.5
58-946-5152,Bread Flour,Grains & Pulses,42-201-4328,Avaveo,11.0,77,7,1.5,10/26/2024,11/5/2024,7/10/2024,06 Lake View Trail,77,46,Backordered,16.5,103.95
65-867-4029,Peach,Fruits & Vegetables,70-591-9841,Livepath,40.0,83,50,4.0,6/5/2024,9/3/2024,6/16/2024,36124 Carberry Junction,92,50,Active,160.0,331.2
89-328-9019,Bread Flour,Grains & Pulses,63-057-0462,Jazzy,63.0,43,8,1.5,8/20/2024,4/20/2024,12/8/2024,33774 Carberry Circle,55,72,Active,94.5,74.25
02-170-5225,Raw Sugar,Grains & Pulses,90-940-9550,Eabox,90.0,75,43,1.5,5/28/2024,9/18/2024,2/23/2025,36 Bobwhite Parkway,80,57,Discontinued,135.0,108.0
24-478-8277,Multigrain Bread,Bakery,64-070-7611,Bubblebox,47.0,26,40,3.25,12/13/2024,1/12/2025,11/26/2024,55276 Golf Hill,30,72,Active,152.75,87.75
91-290-9062,Digestive Biscuit,Bakery,95-609-1485,Zoonder,29.0,2,84,4.0,3/21/2024,4/19/2024,9/25/2024,9821 Novick Hill,80,85,Backordered,116.0,288.0
44-546-5713,Peach,Fruits & Vegetables,61-382-5182,Blogpad,94.0,69,68,4.0,7/8/2024,1/16/2025,2/13/2025,832 Goodland Alley,24,20,Discontinued,376.0,86.4
20-031-0532,Mango,Fruits & Vegetables,35-835-8848,Oyoloo,32.0,63,92,4.9,11/17/2024,7/25/2024,11/9/2024,8239 Laurel Way,84,34,Discontinued,156.8,370.44000000000005
48-242-8445,Plum,Fruits & Vegetables,84-941-3034,Mybuzz,40.0,3,5,4.0,3/4/2024,6/15/2024,6/24/2024,29 Vera Drive,45,69,Discontinued,160.0,162.0
33-378-1365,Egg (Goose),Dairy,31-483-9201,Tagchat,50.0,66,1,2.5,10/22/2024,12/7/2024,2/4/2025,23560 Talmadge Center,76,73,Active,125.0,171.0
57-763-5501,Cod,Seafood,25-790-1641,Kwimbee,72.0,29,10,8.0,3/6/2024,4/7/2024,3/24/2024,46 Colorado Place,54,38,Discontinued,576.0,388.8
71-015-9181,Pomegranate,Fruits & Vegetables,56-196-9896,Tagopia,22.0,35,55,6.0,8/30/2024,8/27/2024,10/26/2024,62238 Mallory Place,41,27,Active,132.0,221.4
14-115-8371,Chocolate Biscuit,Bakery,80-833-3051,Yakitri,23.0,76,70,5.0,1/7/2025,9/19/2024,9/1/2024,40 Cody Pass,97,38,Backordered,115.0,436.5
83-568-3475,Halibut,Seafood,10-950-0546,Camimbo,35.0,72,70,20.0,4/17/2024,4/4/2024,2/10/2025,29150 Farmco Crossing,74,15,Backordered,700.0,1332.0
79-884-8810,Cucumber,Fruits & Vegetables,14-108-0409,Dabtype,12.0,93,29,1.75,2/20/2025,12/6/2024,8/15/2024,546 Declaration Place,45,12,Backordered,21.0,70.875
50-772-2613,Cheddar Cheese,Dairy,74-619-4608,Roomm,86.0,23,1,9.0,6/20/2024,5/19/2024,3/23/2024,7 Lunder Hill,100,86,Backordered,774.0,810.0
19-377-5021,Mackerel,Seafood,34-014-5873,Skynoodle,91.0,96,90,7.5,2/14/2025,8/11/2024,12/24/2024,884 Sloan Drive,90,75,Backordered,682.5,607.5
39-913-2999,Evaporated Milk,Dairy,74-119-8973,Centimia,23.0,99,97,2.0,6/9/2024,4/6/2024,4/10/2024,15 Oriole Park,68,76,Discontinued,46.0,122.4
46-911-1159,Onion,Fruits & Vegetables,30-820-2883,Voolia,98.0,40,100,2.0,2/3/2025,10/30/2024,12/19/2024,9171 Norway Maple Trail,46,9,Active,196.0,82.8
40-630-1431,Cherry,Fruits & Vegetables,61-040-9004,Voomm,29.0,66,21,8.0,10/29/2024,7/11/2024,11/7/2024,8119 Homewood Drive,74,93,Discontinued,232.0,532.8000000000001
15-797-4824,Coconut,Fruits & Vegetables,46-830-4835,Mudo,32.0,27,26,5.0,5/30/2024,11/20/2024,1/14/2025,25923 Loeprich Junction,38,79,Backordered,160.0,171.0
37-248-6266,Pear,Fruits & Vegetables,75-553-7424,Youspan,84.0,74,48,4.5,12/24/2024,10/17/2024,5/24/2024,7051 Calypso Place,64,32,Backordered,378.0,259.2
22-760-4605,Yogurt,Dairy,01-495-9336,Bubblemix,86.0,20,67,1.75,2/12/2025,7/7/2024,8/3/2024,09264 Forest Dale Drive,83,82,Discontinued,150.5,130.725
80-020-8041,Black Rice,Grains & Pulses,66-684-1941,Wordware,11.0,58,26,6.2,6/6/2024,12/3/2024,7/8/2024,662 Vernon Point,49,34,Active,68.2,273.42
44-634-8292,Whole Wheat Flour,Grains & Pulses,48-557-5036,Quatz,60.0,69,64,2.75,2/23/2025,3/9/2024,1/2/2025,46 Orin Drive,51,6,Active,165.0,126.22500000000001
19-610-2236,Whole Wheat Bread,Bakery,53-799-3174,Mybuzz,58.0,48,9,3.5,12/7/2024,8/3/2024,3/19/2024,8524 Shelley Way,98,69,Active,203.0,308.7
49-579-4325,Ricotta Cheese,Dairy,98-558-5813,Eadel,64.0,95,62,6.0,5/24/2024,8/22/2024,5/17/2024,6 Anniversary Circle,55,1,Discontinued,384.0,297.0
42-134-9798,Canola Oil,Oils & Fats,16-869-7328,Omba,19.0,80,87,2.3,10/11/2024,10/23/2024,12/30/2024,0087 Bluejay Plaza,33,38,Backordered,43.699999999999996,68.30999999999999
84-546-7624,Cherry,Fruits & Vegetables,34-730-9079,Gigazoom,43.0,41,100,8.0,6/16/2024,4/8/2024,6/1/2024,61057 Hallows Junction,27,78,Active,344.0,194.4
11-891-8213,Peanut Oil,Oils & Fats,25-741-5987,Tagopia,38.0,62,47,4.0,12/2/2024,12/12/2024,11/13/2024,13 Westport Hill,41,34,Discontinued,152.0,147.6
03-597-9488,Buttermilk,Dairy,03-983-0515,Wordpedia,70.0,66,74,2.5,11/11/2024,7/11/2024,3/28/2024,53 Lawn Circle,47,77,Active,175.0,105.75
89-624-7462,Asparagus,Fruits & Vegetables,39-506-2186,Jaxspan,18.0,3,39,5.0,10/18/2024,2/16/2025,11/24/2024,25 Drewry Alley,58,61,Backordered,90.0,261.0
89-335-0155,Brown Rice,Grains & Pulses,83-780-4531,Fivebridge,46.0,81,47,2.5,9/5/2024,9/11/2024,1/16/2025,9 Kipling Road,48,48,Active,115.0,108.0
59-725-4038,Arabica Coffee,Beverages,39-055-1703,Zoozzy,78.0,34,39,20.5,11/13/2024,8/26/2024,8/23/2024,697 Hoepker Center,62,2,Active,1599.0,1143.9
78-953-2073,Canola Oil,Oils & Fats,28-465-9141,Tagopia,53.0,20,75,2.3,6/12/2024,10/1/2024,1/4/2025,085 Reinke Pass,83,77,Backordered,121.89999999999999,171.80999999999997
91-426-3204,Haddock,Seafood,86-184-4829,Geba,67.0,71,4,9.0,12/19/2024,4/14/2024,7/8/2024,269 Dakota Trail,76,34,Backordered,603.0,615.6
40-913-9772,Egg (Chicken),Dairy,51-215-2283,Einti,36.0,30,44,0.2,4/11/2024,3/3/2024,5/26/2024,553 Hooker Trail,68,88,Backordered,7.2,12.240000000000002
89-922-4773,Whole Wheat Flour,Grains & Pulses,99-455-0707,Mudo,39.0,53,64,2.75,6/22/2024,7/2/2024,12/27/2024,11 Thackeray Hill,92,8,Active,107.25,227.70000000000002
17-236-0566,Sweet Potato,Fruits & Vegetables,32-402-9679,Einti,95.0,87,13,2.0,10/12/2024,3/2/2024,8/4/2024,803 5th Alley,61,4,Backordered,190.0,109.8
74-234-0628,Almond Flour,Grains & Pulses,49-559-7092,Shuffledrive,12.0,56,92,9.5,5/8/2024,12/15/2024,5/13/2024,2 Veith Crossing,56,6,Active,114.0,478.8
80-441-7249,Wild Rice,Grains & Pulses,35-979-6839,Yoveo,98.0,30,39,10.0,11/25/2024,4/14/2024,8/10/2024,652 High Crossing Lane,31,26,Active,980.0,279.0
54-708-7327,Jasmine Rice,Grains & Pulses,46-316-6919,Linktype,50.0,14,99,4.75,1/9/2025,3/28/2024,4/15/2024,8182 Hazelcrest Place,52,75,Active,237.5,222.3
15-846-7959,Zucchini,Fruits & Vegetables,47-026-0505,Vidoo,98.0,14,11,2.5,4/17/2024,12/1/2024,3/20/2024,6251 Eliot Hill,48,38,Discontinued,245.0,108.0
44-368-7112,Corn Oil,Oils & Fats,85-978-7855,Devbug,28.0,32,71,2.5,12/22/2024,5/2/2024,12/6/2024,82 Hintze Court,32,49,Discontinued,70.0,72.0
03-833-3577,Cucumber,Fruits & Vegetables,87-032-6971,Kanoodle,67.0,14,25,1.8,5/2/2024,8/20/2024,10/16/2024,38 Killdeer Point,81,77,Active,120.60000000000001,131.22000000000003
47-548-6500,Onion,Fruits & Vegetables,27-061-4764,Devpulse,20.0,93,37,2.0,10/20/2024,3/7/2024,12/25/2024,06 Shopko Pass,23,2,Discontinued,40.0,41.4
12-342-4482,Trout,Seafood,71-300-8176,Topicblab,67.0,83,90,11.6,10/27/2024,9/30/2024,8/29/2024,374 Blue Bill Park Point,66,77,Active,777.1999999999999,689.0400000000001
07-834-3320,Egg (Quail),Dairy,47-831-9154,Trunyx,94.0,60,78,0.8,12/8/2024,3/7/2024,9/20/2024,79 Monterey Avenue,100,42,Active,75.2,72.0
16-187-5729,Black Tea,Beverages,79-366-7207,Zoombeat,45.0,58,84,5.0,1/6/2025,3/21/2024,3/30/2024,22555 Macpherson Plaza,90,67,Active,225.0,405.0
64-109-7362,Anchovies,Seafood,38-603-6412,Voolia,86.0,55,96,10.0,12/19/2024,7/9/2024,9/29/2024,7 Harper Drive,37,53,Backordered,860.0,333.0
06-655-5498,Wild Rice,Grains & Pulses,89-574-3430,Kayveo,72.0,82,52,9.75,8/3/2024,7/9/2024,9/28/2024,8569 Bashford Court,51,95,Backordered,702.0,447.52500000000003
24-975-4231,Green Beans,Fruits & Vegetables,99-145-4924,Jayo,31.0,61,28,2.1,3/10/2024,7/9/2024,8/17/2024,62494 Longview Drive,55,70,Active,65.10000000000001,103.95
98-652-9569,Butter Biscuit,Bakery,65-160-1426,Ooba,12.0,7,23,6.0,2/6/2025,2/17/2025,6/23/2024,32 6th Lane,72,16,Discontinued,72.0,388.8
25-522-6043,Gouda Cheese,Dairy,29-122-7037,Kazu,71.0,93,75,7.0,10/9/2024,8/19/2024,2/3/2025,890 Eggendart Pass,77,58,Discontinued,497.0,485.1
28-275-5901,Anchovies,Seafood,44-760-4337,Jatri,64.0,1,92,10.0,4/5/2024,4/23/2024,1/24/2025,4 Doe Crossing Avenue,49,15,Active,640.0,441.0
96-164-0607,Coconut Oil,Oils & Fats,15-655-3923,Browsezoom,89.0,79,66,5.0,7/31/2024,12/20/2024,10/17/2024,1275 Lawn Center,91,31,Discontinued,445.0,409.5
93-815-0565,Sesame Oil,Oils & Fats,56-422-1480,Jaxworks,50.0,36,96,6.5,12/12/2024,8/12/2024,7/1/2024,8868 Armistice Place,53,73,Backordered,325.0,310.05
63-918-8253,Mango,Fruits & Vegetables,94-157-1762,Devpulse,53.0,98,23,5.0,2/24/2025,7/4/2024,9/29/2024,917 Westerfield Terrace,41,84,Backordered,265.0,184.5
57-167-0669,Haddock,Seafood,30-934-3251,Rhybox,19.0,99,78,9.0,11/21/2024,2/17/2025,12/30/2024,1005 Lyons Junction,29,54,Discontinued,171.0,234.9
52-402-9245,Broccoli,Fruits & Vegetables,37-519-7762,Plajo,89.0,40,64,4.0,10/16/2024,2/12/2025,9/19/2024,185 Stone Corner Parkway,93,48,Active,356.0,334.8
17-647-0503,Cod,Seafood,69-416-9493,Katz,96.0,12,8,8.0,5/11/2024,5/24/2024,8/20/2024,0 Village Green Street,97,92,Active,768.0,698.4
67-984-5368,Parmesan Cheese,Dairy,39-714-7313,Yakidoo,52.0,56,34,12.0,9/27/2024,10/4/2024,7/28/2024,0 Fordem Place,31,69,Backordered,624.0,334.8
77-827-0820,Sesame Oil,Oils & Fats,46-590-7639,Youopia,97.0,20,8,6.5,6/16/2024,11/6/2024,11/9/2024,8851 Superior Park,51,51,Active,630.5,298.35
27-387-0428,Halibut,Seafood,62-312-2748,Camido,88.0,42,68,20.0,6/23/2024,11/29/2024,4/9/2024,1715 Dottie Pass,92,29,Active,1760.0,1656.0
79-350-5841,Jasmine Rice,Grains & Pulses,81-676-3345,Gabvine,33.0,44,89,4.75,3/15/2024,9/5/2024,4/17/2024,75 Cascade Avenue,93,19,Discontinued,156.75,397.575
44-128-2185,Jasmine Rice,Grains & Pulses,79-091-7381,Katz,98.0,20,81,4.75,8/14/2024,7/10/2024,12/30/2024,012 Mockingbird Court,51,23,Backordered,465.5,218.025
48-789-9187,Peach,Fruits & Vegetables,95-944-5323,Browsetype,45.0,79,95,4.0,12/6/2024,6/26/2024,11/15/2024,41 Stephen Crossing,84,62,Backordered,180.0,302.40000000000003
21-809-7115,White Rice,Grains & Pulses,57-774-4116,Tagcat,80.0,86,50,1.8,5/5/2024,7/22/2024,2/24/2025,3053 Sachs Center,46,69,Discontinued,144.0,74.52
19-323-0506,Halibut,Seafood,28-977-3789,Skidoo,68.0,43,96,20.0,11/17/2024,4/28/2024,10/15/2024,5 Ohio Lane,75,35,Backordered,1360.0,1350.0
04-637-8815,Apricot,Fruits & Vegetables,60-959-6355,Zoonder,90.0,91,62,5.0,11/24/2024,11/27/2024,11/24/2024,537 Maple Alley,34,72,Active,450.0,153.0
60-644-6596,Trout,Seafood,32-745-8366,Rhynoodle,89.0,67,89,12.0,2/14/2025,1/5/2025,11/10/2024,22 Hudson Pass,96,42,Discontinued,1068.0,1036.8
58-005-5343,Cucumber,Fruits & Vegetables,83-401-2709,Youbridge,38.0,94,87,1.8,5/27/2024,5/3/2024,8/21/2024,43211 Lakeland Place,89,100,Discontinued,68.4,144.18
67-382-4435,Green Beans,Fruits & Vegetables,49-901-0828,Fivespan,99.0,37,74,2.1,7/25/2024,12/21/2024,3/2/2024,92 Bartelt Terrace,46,46,Active,207.9,86.94000000000001
09-335-7793,Powdered Sugar,Grains & Pulses,96-918-7047,Topicshots,66.0,19,20,2.4,9/18/2024,9/7/2024,6/1/2024,5649 Vidon Plaza,30,49,Active,158.4,64.8
46-496-2930,Pomegranate,Fruits & Vegetables,29-295-9755,Eare,66.0,28,7,6.0,4/27/2024,10/26/2024,8/14/2024,156 Golf Course Alley,85,6,Backordered,396.0,459.0
35-353-4068,Bread Flour,Grains & Pulses,44-199-6832,Jetpulse,64.0,11,97,1.5,12/26/2024,12/18/2024,7/5/2024,8583 Northwestern Terrace,33,83,Discontinued,96.0,44.550000000000004
45-050-4720,Black Rice,Grains & Pulses,98-791-5014,Voonder,18.0,78,43,6.0,1/4/2025,7/5/2024,3/13/2024,7 Ridge Oak Pass,85,97,Active,108.0,459.0
87-104-0187,Whole Wheat Flour,Grains & Pulses,41-881-1166,Rhyloo,86.0,100,78,2.75,4/6/2024,5/28/2024,2/5/2025,0 Moose Lane,52,91,Backordered,236.5,128.70000000000002
85-806-8672,Black Tea,Beverages,44-646-7502,Kare,35.0,88,87,4.7,4/5/2024,10/12/2024,11/21/2024,24 South Trail,39,62,Active,164.5,164.97000000000003
54-281-3746,Green Beans,Fruits & Vegetables,08-824-4585,Viva,26.0,70,52,2.0,9/7/2024,3/10/2024,11/3/2024,00 Ridgeway Plaza,36,10,Discontinued,52.0,64.8
35-257-9312,Parmesan Cheese,Dairy,35-927-4986,Photospace,80.0,100,48,12.0,8/18/2024,10/12/2024,4/6/2024,9463 Northland Court,100,28,Backordered,960.0,1080.0
63-897-8088,Zucchini,Fruits & Vegetables,82-313-4469,Skibox,63.0,56,33,2.5,1/9/2025,6/7/2024,10/16/2024,7944 Elgar Alley,35,16,Backordered,157.5,78.75
24-986-5091,Vanilla Biscuit,Bakery,51-076-1164,Ozu,89.0,22,23,5.5,5/12/2024,6/25/2024,8/14/2024,88 Lighthouse Bay Crossing,83,25,Discontinued,489.5,410.85
17-504-3699,Sweet Potato,Fruits & Vegetables,81-276-8218,Jaxworks,80.0,60,71,2.0,10/8/2024,6/15/2024,8/17/2024,18 Daystar Parkway,98,13,Active,160.0,176.4
23-395-3157,Vegetable Oil,Oils & Fats,48-538-8538,Tagtune,41.0,66,50,2.0,2/18/2025,7/30/2024,3/16/2024,74 Sugar Plaza,55,74,Backordered,82.0,99.0
28-107-4953,Chocolate Biscuit,Bakery,01-165-8830,Babbleblab,53.0,19,94,5.0,3/29/2024,11/12/2024,10/18/2024,29755 Daystar Street,82,56,Discontinued,265.0,369.0
46-083-7058,Haddock,Seafood,26-730-0925,Devshare,61.0,91,40,9.0,1/8/2025,8/27/2024,6/9/2024,21530 Prentice Place,34,76,Active,549.0,275.40000000000003
68-436-1268,Egg (Duck),Dairy,10-694-6636,Aivee,70.0,92,74,1.0,11/30/2024,8/17/2024,7/11/2024,1 Mockingbird Parkway,95,26,Backordered,70.0,85.5
93-198-5984,Mango,Fruits & Vegetables,86-441-7850,Skalith,73.0,69,1,5.0,11/5/2024,5/14/2024,9/17/2024,54706 Prairieview Point,50,67,Active,365.0,225.0
24-571-1080,Kale,Fruits & Vegetables,07-520-1107,Devshare,60.0,15,89,4.0,6/7/2024,2/21/2025,4/11/2024,5325 Milwaukee Lane,21,29,Discontinued,240.0,75.60000000000001
73-874-7534,Pomegranate,Fruits & Vegetables,12-566-2563,Twitterwire,88.0,24,44,6.0,11/5/2024,11/8/2024,12/18/2024,901 Norway Maple Crossing,72,88,Backordered,528.0,388.8
07-337-9889,Cauliflower,Fruits & Vegetables,84-949-8378,Twitterwire,95.0,6,59,2.5,12/31/2024,8/15/2024,9/29/2024,4 Loomis Way,49,77,Active,237.5,110.25
28-197-9246,Powdered Sugar,Grains & Pulses,31-281-2352,Riffwire,47.0,30,16,2.5,3/10/2024,7/11/2024,5/23/2024,8499 Hanover Terrace,22,81,Active,117.5,49.5
83-400-9746,Mozzarella Cheese,Dairy,02-510-0629,Eidel,24.0,1,65,7.0,11/18/2024,7/12/2024,2/29/2024,40 Merchant Terrace,58,61,Active,168.0,365.40000000000003
24-579-6500,Anchovies,Seafood,60-309-5783,Zoovu,93.0,51,70,10.0,4/22/2024,6/12/2024,9/4/2024,4 Stang Place,81,18,Active,930.0,729.0
64-418-8356,Sunflower Oil,Oils & Fats,91-451-2016,Ooba,80.0,24,60,2.5,1/21/2025,11/13/2024,4/28/2024,1 Green Hill,98,38,Active,200.0,220.5
15-884-7413,Apple,Fruits & Vegetables,39-412-7454,Geba,77.0,58,13,3.5,6/22/2024,5/23/2024,4/16/2024,6225 Westend Pass,63,28,Discontinued,269.5,198.45000000000002
79-494-2472,Green Beans,Fruits & Vegetables,04-391-8892,Kanoodle,42.0,48,18,2.0,1/9/2025,4/19/2024,4/23/2024,1615 Bellgrove Crossing,39,57,Active,84.0,70.2
36-177-0573,Egg (Turkey),Dairy,62-687-0951,Oyondu,92.0,1,23,2.5,8/27/2024,10/2/2024,4/13/2024,35 Portage Road,78,36,Discontinued,230.0,175.5
79-920-2395,Mushrooms,Fruits & Vegetables,70-825-7341,Chatterpoint,81.0,23,17,6.25,5/26/2024,5/8/2024,7/16/2024,911 Merry Junction,92,78,Active,506.25,517.5
96-961-2193,Jasmine Rice,Grains & Pulses,71-467-4910,Babbleset,46.0,39,11,4.75,10/10/2024,8/16/2024,11/10/2024,63578 Butternut Hill,36,54,Active,218.5,153.9
69-578-7930,Brown Rice,Grains & Pulses,37-728-5274,Flipbug,44.0,67,31,2.5,7/14/2024,3/18/2024,6/5/2024,83291 Hansons Crossing,44,72,Discontinued,110.0,99.0
40-205-8252,Multigrain Bread,Bakery,68-493-0378,Innojam,38.0,37,27,3.5,6/14/2024,10/5/2024,7/14/2024,883 Marcy Place,45,88,Backordered,133.0,141.75
18-107-7886,Evaporated Milk,Dairy,11-466-3182,Demivee,64.0,28,35,2.0,11/5/2024,11/7/2024,2/27/2024,55309 6th Junction,74,50,Active,128.0,133.20000000000002
35-328-8392,Long Grain Rice,Grains & Pulses,52-340-4509,Ainyx,39.0,2,71,1.45,4/29/2024,3/18/2024,4/21/2024,09 Londonderry Hill,20,70,Backordered,56.55,26.1
21-650-9319,White Bread,Bakery,73-445-3017,Jazzy,42.0,88,95,2.5,3/28/2024,1/28/2025,4/24/2024,4 Hagan Court,67,94,Backordered,105.0,150.75
99-894-4351,White Sugar,Grains & Pulses,45-602-6533,Devpoint,29.0,54,54,2.0,10/27/2024,2/24/2025,12/25/2024,185 Saint Paul Road,58,63,Backordered,58.0,104.4
63-168-6018,Cucumber,Fruits & Vegetables,01-853-2191,Bubblemix,60.0,63,81,1.8,1/26/2025,10/3/2024,5/1/2024,0847 Artisan Hill,74,31,Active,108.0,119.88000000000002
26-000-1012,Parmesan Cheese,Dairy,60-284-1974,Quatz,65.0,54,29,12.0,11/30/2024,11/29/2024,4/12/2024,3 Bayside Point,69,79,Backordered,780.0,745.2
13-900-9016,Bell Pepper,Fruits & Vegetables,63-969-9608,Meetz,89.0,96,94,4.5,6/10/2024,1/6/2025,9/19/2024,521 Burning Wood Trail,38,96,Discontinued,400.5,153.9
88-408-0310,Corn Oil,Oils & Fats,91-002-3027,Flipopia,50.0,40,69,2.5,6/30/2024,3/31/2024,8/26/2024,5 Mesta Center,28,98,Active,125.0,63.0
73-997-6251,Bell Pepper,Fruits & Vegetables,17-167-4304,Livetube,94.0,18,84,4.5,1/4/2025,10/15/2024,9/17/2024,1666 Dayton Terrace,44,49,Discontinued,423.0,178.20000000000002
50-679-2072,Canola Oil,Oils & Fats,81-588-5701,Thoughtmix,97.0,32,43,2.3,10/6/2024,5/3/2024,5/30/2024,20 Butterfield Lane,82,98,Active,223.1,169.74
89-673-1543,Digestive Biscuit,Bakery,43-679-7350,Lajo,72.0,78,1,4.0,11/10/2024,3/28/2024,1/3/2025,297 Petterle Way,85,30,Discontinued,288.0,306.0
56-937-8675,Cream,Dairy,37-996-3243,Trilith,62.0,91,14,2.5,9/21/2024,5/31/2024,12/8/2024,668 Claremont Place,41,77,Discontinued,155.0,92.25
14-836-2894,Apple,Fruits & Vegetables,82-157-4299,Jabbersphere,44.0,92,92,3.5,3/8/2024,1/11/2025,9/25/2024,2 Hooker Terrace,41,61,Active,154.0,129.15
87-903-3486,Peanut Oil,Oils & Fats,90-378-8463,Twitterbeat,21.0,25,39,4.0,7/30/2024,9/10/2024,2/29/2024,99 Twin Pines Alley,79,30,Active,84.0,284.40000000000003
07-617-6934,Coconut Sugar,Grains & Pulses,48-700-8059,Feedfire,91.0,39,48,5.0,3/31/2024,12/21/2024,11/16/2024,9262 Sullivan Crossing,48,18,Active,455.0,216.0
31-403-6234,Tuna,Seafood,00-258-2525,Thoughtbeat,87.0,24,66,18.0,5/20/2024,11/24/2024,5/4/2024,35 Waxwing Center,22,34,Active,1566.0,356.40000000000003
29-092-3453,Spinach,Fruits & Vegetables,41-867-9911,Youbridge,61.0,17,69,2.52,5/22/2024,5/7/2024,6/17/2024,676 Redwing Trail,31,29,Active,153.72,70.308
34-709-9237,Carrot,Fruits & Vegetables,66-680-8738,Gigaclub,61.0,81,99,1.5,10/27/2024,3/13/2024,4/24/2024,1509 Hoard Circle,26,76,Discontinued,91.5,35.1
13-962-6263,Sweet Potato,Fruits & Vegetables,26-061-5253,Trupe,49.0,1,28,2.0,12/1/2024,12/23/2024,11/18/2024,7015 Ramsey Lane,97,95,Active,98.0,174.6
06-731-2162,Lemon,Fruits & Vegetables,17-546-8875,Meejo,87.0,1,98,2.5,4/7/2024,10/7/2024,7/19/2024,30968 Anzinger Court,61,84,Discontinued,217.5,137.25
10-768-2443,Multigrain Bread,Bakery,44-451-2764,Katz,93.0,55,95,3.25,2/11/2025,3/5/2024,12/19/2024,4 Orin Lane,56,72,Backordered,302.25,163.8
36-372-2295,Basmati Rice,Grains & Pulses,85-823-7428,Skimia,55.0,13,71,4.45,4/26/2024,10/22/2024,4/14/2024,98 Bartillon Trail,37,4,Backordered,244.75,148.185
34-538-1180,Sour Cream,Dairy,40-907-4937,Voonder,29.0,39,80,4.0,5/29/2024,11/3/2024,4/6/2024,19 Aberg Trail,23,85,Backordered,116.0,82.8
98-148-0940,Egg (Chicken),Dairy,06-175-9657,Babblestorm,63.0,62,18,0.2,4/17/2024,4/2/2024,11/5/2024,588 Waywood Trail,67,17,Active,12.600000000000001,12.06
38-390-2115,Potato,Fruits & Vegetables,12-433-6490,Rhyzio,42.0,69,54,1.2,1/19/2025,3/6/2024,3/1/2024,3 Del Mar Point,43,96,Active,50.4,46.440000000000005
02-974-8526,Onion,Fruits & Vegetables,09-387-1119,Mudo,74.0,4,39,2.0,12/26/2024,4/5/2024,8/7/2024,42 Green Ridge Terrace,97,24,Backordered,148.0,174.6
29-377-7040,Short Grain Rice,Grains & Pulses,59-979-6740,Brightdog,22.0,77,15,3.0,4/11/2024,5/29/2024,7/29/2024,9431 Clarendon Pass,68,46,Active,66.0,183.6
84-327-7787,Egg (Chicken),Dairy,97-571-0561,Bubblemix,83.0,35,43,0.2,8/14/2024,8/26/2024,9/6/2024,739 Rowland Way,94,68,Discontinued,16.6,16.92
82-231-4245,Wild Rice,Grains & Pulses,96-177-4040,Kayveo,32.0,91,80,10.0,10/18/2024,8/28/2024,1/16/2025,77 Monument Court,69,80,Discontinued,320.0,621.0
70-005-5970,Apple,Fruits & Vegetables,18-490-4140,Skaboo,84.0,46,80,3.5,5/18/2024,10/2/2024,12/24/2024,82955 Dayton Street,66,84,Discontinued,294.0,207.9
63-936-0145,Plum,Fruits & Vegetables,69-415-3675,Thoughtbeat,22.0,56,72,4.0,4/9/2024,6/8/2024,12/3/2024,95 Kingsford Terrace,70,39,Discontinued,88.0,252.0
08-196-2703,Peas,Fruits & Vegetables,34-315-1199,Youbridge,100.0,52,2,3.0,3/8/2024,11/29/2024,10/17/2024,56 Esker Park,86,70,Backordered,300.0,232.20000000000002
22-778-3553,Cheddar Cheese,Dairy,49-590-1752,Quaxo,36.0,77,49,9.0,4/10/2024,10/24/2024,2/9/2025,0782 Dapin Avenue,30,84,Active,324.0,243.0
37-610-1999,Halibut,Seafood,19-985-9694,Wikizz,14.0,67,65,20.0,3/14/2024,10/19/2024,10/19/2024,3 John Wall Point,71,94,Discontinued,280.0,1278.0
09-618-2842,White Sugar,Grains & Pulses,68-415-1025,Yambee,38.0,82,17,2.0,12/29/2024,3/21/2024,8/6/2024,642 Arizona Point,52,47,Discontinued,76.0,93.60000000000001
28-968-4195,Eggplant,Fruits & Vegetables,17-562-1176,Blogtag,97.0,52,80,3.0,1/19/2025,7/17/2024,10/13/2024,5 Loftsgordon Trail,22,90,Backordered,291.0,59.4
55-680-0982,Green Tea,Beverages,57-412-5368,Jetpulse,64.0,66,28,8.0,5/28/2024,1/14/2025,8/19/2024,0 Sutteridge Trail,25,52,Discontinued,512.0,180.0
43-851-9440,Lime,Fruits & Vegetables,67-674-0287,Camido,14.0,75,19,1.9,12/24/2024,5/11/2024,3/4/2024,4033 Sloan Hill,100,84,Backordered,26.599999999999998,171.0
14-331-3739,Avocado Oil,Oils & Fats,87-159-6467,Voolith,24.0,89,27,10.0,4/10/2024,10/15/2024,3/28/2024,8 Thackeray Drive,99,1,Discontinued,240.0,891.0
54-830-6971,Tilapia,Seafood,94-006-6480,Dynava,100.0,61,21,7.0,9/21/2024,12/25/2024,5/18/2024,674 Ryan Alley,85,79,Backordered,700.0,535.5
53-008-2419,Jasmine Rice,Grains & Pulses,86-841-6074,Skyba,62.0,36,96,4.75,4/3/2024,4/10/2024,5/27/2024,63 Debra Park,31,25,Discontinued,294.5,132.525
39-358-3340,Basmati Rice,Grains & Pulses,86-841-4440,Yamia,71.0,60,62,4.5,8/27/2024,3/25/2024,3/14/2024,308 Doe Crossing Pass,60,63,Discontinued,319.5,243.0
28-146-2641,Parmesan Cheese,Dairy,82-995-0739,BlogXS,38.0,67,66,12.0,4/1/2024,12/21/2024,4/8/2024,73 Graedel Street,35,24,Discontinued,456.0,378.0
83-556-0996,Powdered Sugar,Grains & Pulses,81-234-0741,Jabberstorm,88.0,34,94,2.4,12/27/2024,2/20/2025,10/30/2024,53 Forest Run Plaza,95,63,Active,211.2,205.20000000000002
53-805-9523,Sourdough Bread,Bakery,99-864-0256,Rhyloo,40.0,30,65,4.5,7/2/2024,3/19/2024,5/14/2024,94 Mallory Center,54,29,Active,180.0,218.70000000000002
82-977-7752,Spinach,Fruits & Vegetables,57-473-8672,Shuffledrive,88.0,78,17,2.5,9/6/2024,12/28/2024,11/4/2024,58 Corscot Terrace,58,21,Active,220.0,130.5
62-393-9939,Cheddar Cheese,Dairy,93-877-9384,Gabcube,60.0,9,89,9.0,6/1/2024,6/2/2024,10/5/2024,5 Oxford Pass,95,63,Active,540.0,769.5
31-745-6850,Cabbage,Fruits & Vegetables,96-215-2767,Lajo,94.0,90,12,0.9,10/3/2024,10/24/2024,11/1/2024,081 Jana Lane,98,71,Active,84.60000000000001,79.38000000000001
86-692-2312,Avocado Oil,Oils & Fats,77-783-4107,Dazzlesphere,30.0,48,52,10.0,6/11/2024,12/7/2024,4/30/2024,00616 Manitowish Parkway,22,78,Active,300.0,198.0
28-044-4102,Papaya,Fruits & Vegetables,93-358-1118,Yakijo,19.0,28,83,4.5,11/26/2024,3/1/2024,8/27/2024,309 Burning Wood Center,91,73,Discontinued,85.5,368.55
